material,authority_convert,population,period,material_tonnes,population_percentage
"Incinerator Bottom Ash",Merseyside,1475541,"Jan 25 - Mar 25",56837.02,"2.52 %"
"Other compostable waste",Hertfordshire,1236191,"Apr 24 - Jun 24",56104,"2.11 %"
"Incinerator Bottom Ash",Merseyside,1475541,"Jul 24 - Sep 24",43405.02,"2.52 %"
"Incinerator Bottom Ash",Merseyside,1475541,"Oct 24 - Dec 24",41024.02,"2.52 %"
"Incinerator Bottom Ash",Birmingham,1183618,"Jul 24 - Sep 24",39157.52,"2.02 %"
"Incinerator Bottom Ash",Birmingham,1183618,"Oct 24 - Dec 24",38756.76,"2.02 %"
"Incinerator Bottom Ash",Birmingham,1183618,"Apr 24 - Jun 24",35822.98,"2.02 %"
"Incinerator Bottom Ash","North London",NULL,"Jan 25 - Mar 25",33870.78,NULL
"Incinerator Bottom Ash",Birmingham,1183618,"Jan 25 - Mar 25",31331.32,"2.02 %"
"Other compostable waste",Hertfordshire,1236191,"Jul 24 - Sep 24",30369.73,"2.11 %"
"Incinerator Bottom Ash","North London",NULL,"Oct 24 - Dec 24",29784.29,NULL
"Incinerator Bottom Ash","North London",NULL,"Apr 24 - Jun 24",29461.36,NULL
"Other compostable waste",Hertfordshire,1236191,"Oct 24 - Dec 24",27534.57,"2.11 %"
"Incinerator Bottom Ash",Merseyside,1475541,"Apr 24 - Jun 24",26422.6,"2.52 %"
"Incinerator Bottom Ash","North London",NULL,"Jul 24 - Sep 24",26397.46,NULL
"Incinerator Bottom Ash","Greater Manchester",3009664,"Apr 24 - Jun 24",26216.23,"5.13 %"
"Incinerator Bottom Ash","West London",NULL,"Oct 24 - Dec 24",25770.45,NULL
"Incinerator Bottom Ash","Greater Manchester",3009664,"Jul 24 - Sep 24",24643.27,"5.13 %"
"Incinerator Bottom Ash","Greater Manchester",3009664,"Oct 24 - Dec 24",24326.91,"5.13 %"
Wood,Hampshire,1447214,"Apr 24 - Jun 24",22489.12,"2.47 %"
"Mixed garden and food waste",Stockport,303929,"Apr 24 - Jun 24",21945.16,"0.52 %"
"Incinerator Bottom Ash","West London",NULL,"Apr 24 - Jun 24",21427.05,NULL
"Incinerator Bottom Ash","West London",NULL,"Jan 25 - Mar 25",21324.43,NULL
"Incinerator Bottom Ash","Greater Manchester",3009664,"Jan 25 - Mar 25",20411.22,"5.13 %"
Wood,Hampshire,1447214,"Jul 24 - Sep 24",19969.55,"2.47 %"
"Green garden waste only","North Yorkshire",635270,"Apr 24 - Jun 24",19744.59,"1.08 %"
"Mixed garden and food waste",Stockport,303929,"Jul 24 - Sep 24",19358.7,"0.52 %"
"Green garden waste only","North Yorkshire",635270,"Jul 24 - Sep 24",18238.12,"1.08 %"
"Green garden waste only",Leeds,845189,"Apr 24 - Jun 24",18215.06,"1.44 %"
"Green garden waste only",Somerset,588328,"Apr 24 - Jun 24",16822.55,"1.00 %"
Wood,Hampshire,1447214,"Jan 25 - Mar 25",15945.94,"2.47 %"
"Incinerator Bottom Ash",Kent,1639029,"Jan 25 - Mar 25",15426.96,"2.80 %"
"Incinerator Bottom Ash",Kent,1639029,"Apr 24 - Jun 24",15355.8,"2.80 %"
"Green garden waste only",Buckinghamshire,578772,"Apr 24 - Jun 24",15324.96,"0.99 %"
"Incinerator Bottom Ash",Kent,1639029,"Jul 24 - Sep 24",15321.06,"2.80 %"
"Mixed garden and food waste","East Riding of Yorkshire",355884,"Apr 24 - Jun 24",14834.5,"0.61 %"
"Green garden waste only",Somerset,588328,"Jul 24 - Sep 24",14396.2,"1.00 %"
"Green garden waste only",Wiltshire,523700,"Apr 24 - Jun 24",14353.48,"0.89 %"
"Green garden waste only",Leeds,845189,"Jul 24 - Sep 24",14086.62,"1.44 %"
"Incinerator Bottom Ash","Western Riverside",NULL,"Jul 24 - Sep 24",13854.54,NULL
Wood,Merseyside,1475541,"Jul 24 - Sep 24",13657.58,"2.52 %"
"Green garden waste only",Cornwall,583289,"Apr 24 - Jun 24",13074.1,"1.00 %"
"Incinerator Bottom Ash","Western Riverside",NULL,"Oct 24 - Dec 24",13044.45,NULL
"Other compostable waste",Lancashire,1294914,"Oct 24 - Dec 24",12979.79,"2.21 %"
"Mixed garden and food waste","East Riding of Yorkshire",355884,"Jul 24 - Sep 24",12823.91,"0.61 %"
Wood,Hampshire,1447214,"Oct 24 - Dec 24",12800.51,"2.47 %"
"Mixed garden and food waste",Stockport,303929,"Oct 24 - Dec 24",12740.52,"0.52 %"
"Green garden waste only",Dorset,389947,"Apr 24 - Jun 24",12715.51,"0.67 %"
"Other compostable waste",Lancashire,1294914,"Jan 25 - Mar 25",12605.8,"2.21 %"
"Green garden waste only","West Northamptonshire",439811,"Apr 24 - Jun 24",12539.79,"0.75 %"
"Green garden waste only",Cornwall,583289,"Jul 24 - Sep 24",12517.59,"1.00 %"
"Incinerator Bottom Ash","North Yorkshire",635270,"Jul 24 - Sep 24",12452.1,"1.08 %"
"Green garden waste only","Cheshire West and Chester",371652,"Apr 24 - Jun 24",12439.24,"0.63 %"
"Incinerator Bottom Ash","East London",NULL,"Jul 24 - Sep 24",12419,NULL
"Incinerator Bottom Ash","East London",NULL,"Apr 24 - Jun 24",12401,NULL
"Incinerator Bottom Ash","Western Riverside",NULL,"Apr 24 - Jun 24",12235.89,NULL
Wood,"Greater Manchester",3009664,"Apr 24 - Jun 24",12219.58,"5.13 %"
Wood,Merseyside,1475541,"Oct 24 - Dec 24",12166.19,"2.52 %"
"Incinerator Bottom Ash","East London",NULL,"Oct 24 - Dec 24",11997,NULL
"Mixed garden and food waste","Cheshire East",421298,"Apr 24 - Jun 24",11934.62,"0.72 %"
"Incinerator Bottom Ash","Western Riverside",NULL,"Jan 25 - Mar 25",11870.24,NULL
"Incinerator Bottom Ash","West London",NULL,"Jul 24 - Sep 24",11858.37,NULL
"Waste food only",Somerset,588328,"Oct 24 - Dec 24",11844.96,"1.00 %"
"Incinerator Bottom Ash","East London",NULL,"Jan 25 - Mar 25",11818,NULL
"Incinerator Bottom Ash",Hampshire,1447214,"Apr 24 - Jun 24",11815.57,"2.47 %"
"Incinerator Bottom Ash","West Sussex",915037,"Jul 24 - Sep 24",11815.46,"1.56 %"
"Mixed garden and food waste",Stockport,303929,"Jan 25 - Mar 25",11735.7,"0.52 %"
"Incinerator Bottom Ash",Cornwall,583289,"Oct 24 - Dec 24",11658.74,"1.00 %"
"Green garden waste only",Wiltshire,523700,"Jul 24 - Sep 24",11587.12,"0.89 %"
"Incinerator Bottom Ash",Staffordshire,907153,"Jan 25 - Mar 25",11477.59,"1.55 %"
"Incinerator Bottom Ash",Hampshire,1447214,"Oct 24 - Dec 24",11466,"2.47 %"
"Incinerator Bottom Ash","West Sussex",915037,"Oct 24 - Dec 24",11426.03,"1.56 %"
"Other compostable waste",Hertfordshire,1236191,"Jan 25 - Mar 25",11418.11,"2.11 %"
"Waste food only",Somerset,588328,"Jan 25 - Mar 25",11407.74,"1.00 %"
"Green garden waste only",Durham,NULL,"Apr 24 - Jun 24",11363.41,NULL
"Incinerator Bottom Ash",Suffolk,786231,"Jul 24 - Sep 24",11356.85,"1.34 %"
"Incinerator Bottom Ash",Hampshire,1447214,"Jul 24 - Sep 24",11347.95,"2.47 %"
Wood,"Greater Manchester",3009664,"Jul 24 - Sep 24",11319.46,"5.13 %"
"Incinerator Bottom Ash",Hampshire,1447214,"Jan 25 - Mar 25",11308.78,"2.47 %"
"Green garden waste only",Hampshire,1447214,"Apr 24 - Jun 24",11296.55,"2.47 %"
Wood,"West Sussex",915037,"Apr 24 - Jun 24",11259.04,"1.56 %"
Wood,Devon,842313,"Apr 24 - Jun 24",11202.34,"1.44 %"
"Mixed garden and food waste",Shropshire,332455,"Apr 24 - Jun 24",11061.57,"0.57 %"
"Green garden waste only","Cheshire West and Chester",371652,"Jul 24 - Sep 24",11020.71,"0.63 %"
"Green garden waste only",Birmingham,1183618,"Apr 24 - Jun 24",11006.26,"2.02 %"
"Mixed paper &  card",Leeds,845189,"Apr 24 - Jun 24",10955.76,"1.44 %"
"Mixed garden and food waste","Cheshire East",421298,"Jul 24 - Sep 24",10924.16,"0.72 %"
"Green garden waste only",Dorset,389947,"Jul 24 - Sep 24",10923.41,"0.67 %"
"Green garden waste only",Buckinghamshire,578772,"Jul 24 - Sep 24",10888.49,"0.99 %"
"Incinerator Bottom Ash",Staffordshire,907153,"Apr 24 - Jun 24",10877.2,"1.55 %"
"Waste food only",Somerset,588328,"Apr 24 - Jun 24",10825.24,"1.00 %"
"Waste food only",Somerset,588328,"Jul 24 - Sep 24",10786.62,"1.00 %"
"Incinerator Bottom Ash",Staffordshire,907153,"Oct 24 - Dec 24",10774.41,"1.55 %"
"Incinerator Bottom Ash",Nottinghamshire,857013,"Jan 25 - Mar 25",10715.8,"1.46 %"
Wood,Essex,1563365,"Jul 24 - Sep 24",10713.85,"2.67 %"
"Incinerator Bottom Ash","West Sussex",915037,"Jan 25 - Mar 25",10588.41,"1.56 %"
Wood,Hertfordshire,1236191,"Apr 24 - Jun 24",10476.8,"2.11 %"
"Green garden waste only","North Yorkshire",635270,"Oct 24 - Dec 24",10303.97,"1.08 %"
Wood,Devon,842313,"Jul 24 - Sep 24",10218.47,"1.44 %"
Wood,Hertfordshire,1236191,"Jul 24 - Sep 24",10176.68,"2.11 %"
Wood,Devon,842313,"Jan 25 - Mar 25",10170.04,"1.44 %"
"Incinerator Bottom Ash",Nottinghamshire,857013,"Apr 24 - Jun 24",10166.21,"1.46 %"
Wood,"West Sussex",915037,"Jul 24 - Sep 24",10083.76,"1.56 %"
"Mixed garden and food waste","Cambridge and South Cambs s",NULL,"Apr 24 - Jun 24",10053.28,NULL
Wood,Essex,1563365,"Apr 24 - Jun 24",9967.56,"2.67 %"
"Green garden waste only",Doncaster,319765,"Apr 24 - Jun 24",9875.84,"0.55 %"
Rubble,"Greater Manchester",3009664,"Apr 24 - Jun 24",9862.84,"5.13 %"
Wood,Essex,1563365,"Jan 25 - Mar 25",9825.65,"2.67 %"
"Green garden waste only",Wakefield,367666,"Apr 24 - Jun 24",9816.09,"0.63 %"
Wood,Merseyside,1475541,"Apr 24 - Jun 24",9775.98,"2.52 %"
"Green garden waste only","West Northamptonshire",439811,"Jul 24 - Sep 24",9758.73,"0.75 %"
"Incinerator Bottom Ash",Staffordshire,907153,"Jul 24 - Sep 24",9728.61,"1.55 %"
Wood,"Greater Manchester",3009664,"Jan 25 - Mar 25",9721.76,"5.13 %"
"Mixed garden and food waste",Shropshire,332455,"Jul 24 - Sep 24",9706.45,"0.57 %"
"Green garden waste only",Hampshire,1447214,"Jul 24 - Sep 24",9664.04,"2.47 %"
"Metals from Incinerator Bottom Ash",Merseyside,1475541,"Jul 24 - Sep 24",9656.91,"2.52 %"
"Incinerator Bottom Ash",Nottinghamshire,857013,"Oct 24 - Dec 24",9642.54,"1.46 %"
"Green garden waste only",Birmingham,1183618,"Jul 24 - Sep 24",9635.25,"2.02 %"
"Incinerator Bottom Ash",Nottinghamshire,857013,"Jul 24 - Sep 24",9545.39,"1.46 %"
"Mixed paper &  card",Leeds,845189,"Jul 24 - Sep 24",9487.42,"1.44 %"
Wood,Hertfordshire,1236191,"Jan 25 - Mar 25",9392.56,"2.11 %"
"Green garden waste only",Somerset,588328,"Oct 24 - Dec 24",9337.24,"1.00 %"
"Incinerator Bottom Ash",Lincolnshire,789502,"Oct 24 - Dec 24",9332,"1.35 %"
Card,Somerset,588328,"Oct 24 - Dec 24",9325.64,"1.00 %"
"Green garden waste only","North Northamptonshire",373871,"Apr 24 - Jun 24",9294.92,"0.64 %"
Wood,"West Sussex",915037,"Jan 25 - Mar 25",9273.99,"1.56 %"
"Incinerator Bottom Ash",Suffolk,786231,"Oct 24 - Dec 24",9239.85,"1.34 %"
"Green garden waste only",Cumberland,280495,"Apr 24 - Jun 24",9238.14,"0.48 %"
"Incinerator Bottom Ash",Kent,1639029,"Oct 24 - Dec 24",9230.75,"2.80 %"
Wood,Essex,1563365,"Oct 24 - Dec 24",9226.05,"2.67 %"
"Green garden waste only","Bournemouth, Christchurch and Poole",408967,"Apr 24 - Jun 24",9173.13,"0.70 %"
"Incinerator Bottom Ash",Suffolk,786231,"Apr 24 - Jun 24",9141.17,"1.34 %"
"Mixed garden and food waste",Manchester,589670,"Apr 24 - Jun 24",9103.08,"1.01 %"
"Incinerator Bottom Ash",Norfolk,940359,"Jul 24 - Sep 24",9093.59,"1.60 %"
"Incinerator Bottom Ash",Surrey,1248649,"Apr 24 - Jun 24",9062,"2.13 %"
"Green garden waste only",Durham,NULL,"Jul 24 - Sep 24",9021.91,NULL
"Metals from Incinerator Bottom Ash",Merseyside,1475541,"Jan 25 - Mar 25",8963.98,"2.52 %"
Rubble,"Greater Manchester",3009664,"Jul 24 - Sep 24",8906.13,"5.13 %"
"Incinerator Bottom Ash","West Sussex",915037,"Apr 24 - Jun 24",8896.56,"1.56 %"
"Green garden waste only",Buckinghamshire,578772,"Oct 24 - Dec 24",8881.08,"0.99 %"
"Mixed garden and food waste","Milton Keynes",305884,"Apr 24 - Jun 24",8877.6,"0.52 %"
"Incinerator Bottom Ash",Lincolnshire,789502,"Jul 24 - Sep 24",8839,"1.35 %"
"Mixed garden and food waste",Wigan,344922,"Apr 24 - Jun 24",8682.4,"0.59 %"
"Incinerator Bottom Ash",Leeds,845189,"Jul 24 - Sep 24",8670.78,"1.44 %"
"Green garden waste only",Cumberland,280495,"Jul 24 - Sep 24",8647.49,"0.48 %"
"Incinerator Bottom Ash",Hertfordshire,1236191,"Jan 25 - Mar 25",8629.17,"2.11 %"
"Other compostable waste",Leicester,388348,"Apr 24 - Jun 24",8596.56,"0.66 %"
"Incinerator Bottom Ash",Norfolk,940359,"Apr 24 - Jun 24",8585.87,"1.60 %"
Card,Somerset,588328,"Jan 25 - Mar 25",8543.5,"1.00 %"
"Incinerator Bottom Ash",Suffolk,786231,"Jan 25 - Mar 25",8531.19,"1.34 %"
Wood,"Greater Manchester",3009664,"Oct 24 - Dec 24",8516.16,"5.13 %"
Card,Somerset,588328,"Apr 24 - Jun 24",8512.09,"1.00 %"
"Incinerator Bottom Ash",Leeds,845189,"Apr 24 - Jun 24",8481.9,"1.44 %"
Rubble,Merseyside,1475541,"Apr 24 - Jun 24",8452.36,"2.52 %"
"Incinerator Bottom Ash",Worcestershire,621360,"Oct 24 - Dec 24",8420.29,"1.06 %"
"Incinerator Bottom Ash",Derbyshire,822377,"Jan 25 - Mar 25",8382.2,"1.40 %"
"Incinerator Bottom Ash",Gloucestershire,669380,"Apr 24 - Jun 24",8373.1,"1.14 %"
"Incinerator Bottom Ash",Lincolnshire,789502,"Apr 24 - Jun 24",8359,"1.35 %"
"Incinerator Bottom Ash",Derbyshire,822377,"Apr 24 - Jun 24",8356.27,"1.40 %"
"Green garden waste only",Merseyside,1475541,"Apr 24 - Jun 24",8352.44,"2.52 %"
Card,Somerset,588328,"Jul 24 - Sep 24",8282.98,"1.00 %"
Wood,"North Yorkshire",635270,"Apr 24 - Jun 24",8281.8,"1.08 %"
"Other compostable waste","Greater Manchester",3009664,"Oct 24 - Dec 24",8274.16,"5.13 %"
"Mixed garden and food waste","Cambridge and South Cambs s",NULL,"Jul 24 - Sep 24",8271.54,NULL
"Incinerator Bottom Ash",Cornwall,583289,"Jul 24 - Sep 24",8263.2,"1.00 %"
"Incinerator Bottom Ash",Devon,842313,"Jul 24 - Sep 24",8237,"1.44 %"
"Mixed garden and food waste",Trafford,241025,"Apr 24 - Jun 24",8158.12,"0.41 %"
"Green garden waste only",Dudley,331930,"Apr 24 - Jun 24",8157.06,"0.57 %"
"Incinerator Bottom Ash",Norfolk,940359,"Jan 25 - Mar 25",8135.05,"1.60 %"
"Mixed garden and food waste","East Riding of Yorkshire",355884,"Oct 24 - Dec 24",8107.98,"0.61 %"
"Green garden waste only",Walsall,295678,"Apr 24 - Jun 24",8105.38,"0.50 %"
"Mixed garden and food waste",Manchester,589670,"Jul 24 - Sep 24",8071.24,"1.01 %"
"Green garden waste only",Wiltshire,523700,"Oct 24 - Dec 24",8030,"0.89 %"
"Incinerator Bottom Ash",Derbyshire,822377,"Jul 24 - Sep 24",7978.24,"1.40 %"
"Incinerator Bottom Ash",Gloucestershire,669380,"Jan 25 - Mar 25",7970.31,"1.14 %"
"Incinerator Bottom Ash",Devon,842313,"Jan 25 - Mar 25",7937.53,"1.44 %"
Wood,Hertfordshire,1236191,"Oct 24 - Dec 24",7917.36,"2.11 %"
"Mixed garden and food waste",Medway,292655,"Apr 24 - Jun 24",7877.36,"0.50 %"
"Green garden waste only","Bournemouth, Christchurch and Poole",408967,"Jul 24 - Sep 24",7875.24,"0.70 %"
Wood,Merseyside,1475541,"Jan 25 - Mar 25",7852.07,"2.52 %"
"Metals from Incinerator Bottom Ash",Merseyside,1475541,"Oct 24 - Dec 24",7841.29,"2.52 %"
"Incinerator Bottom Ash",Surrey,1248649,"Oct 24 - Dec 24",7834,"2.13 %"
Rubble,Cornwall,583289,"Jan 25 - Mar 25",7830.17,"1.00 %"
"Incinerator Bottom Ash",Leeds,845189,"Jan 25 - Mar 25",7816.4,"1.44 %"
"Other compostable waste",Leicester,388348,"Jul 24 - Sep 24",7778.1,"0.66 %"
"Green garden waste only",Nottinghamshire,857013,"Apr 24 - Jun 24",7774.43,"1.46 %"
"Incinerator Bottom Ash",Norfolk,940359,"Oct 24 - Dec 24",7774.35,"1.60 %"
"Green garden waste only","East Suffolk",249664,"Apr 24 - Jun 24",7754.3,"0.43 %"
Rubble,Lancashire,1294914,"Apr 24 - Jun 24",7731.81,"2.21 %"
"Incinerator Bottom Ash",Leeds,845189,"Oct 24 - Dec 24",7728.36,"1.44 %"
"Incinerator Bottom Ash",Leicestershire,745573,"Oct 24 - Dec 24",7723.89,"1.27 %"
"Green garden waste only","South Gloucestershire",306332,"Apr 24 - Jun 24",7705.24,"0.52 %"
Wood,"West Sussex",915037,"Oct 24 - Dec 24",7697.35,"1.56 %"
"Green garden waste only",Somerset,588328,"Jan 25 - Mar 25",7650.92,"1.00 %"
Rubble,Lancashire,1294914,"Jul 24 - Sep 24",7638.53,"2.21 %"
"Other compostable waste",Lancashire,1294914,"Jul 24 - Sep 24",7630.86,"2.21 %"
Wood,Birmingham,1183618,"Jan 25 - Mar 25",7625.78,"2.02 %"
"Incinerator Bottom Ash",Derbyshire,822377,"Oct 24 - Dec 24",7587.02,"1.40 %"
"Incinerator Bottom Ash","North Yorkshire",635270,"Apr 24 - Jun 24",7584.24,"1.08 %"
"Mixed garden and food waste",Wigan,344922,"Jul 24 - Sep 24",7582.09,"0.59 %"
"Incinerator Bottom Ash",Buckinghamshire,578772,"Oct 24 - Dec 24",7574.14,"0.99 %"
"Incinerator Bottom Ash",Devon,842313,"Apr 24 - Jun 24",7548.83,"1.44 %"
"Incinerator Bottom Ash",Worcestershire,621360,"Apr 24 - Jun 24",7534.91,"1.06 %"
"Green garden waste only",Dorset,389947,"Oct 24 - Dec 24",7529.06,"0.67 %"
"Green garden waste only",Surrey,1248649,"Apr 24 - Jun 24",7528,"2.13 %"
"Mixed paper &  card",Leeds,845189,"Jan 25 - Mar 25",7525.08,"1.44 %"
"Incinerator Bottom Ash",Buckinghamshire,578772,"Jan 25 - Mar 25",7509.21,"0.99 %"
Wood,Devon,842313,"Oct 24 - Dec 24",7505.18,"1.44 %"
"Mixed paper &  card",Leeds,845189,"Oct 24 - Dec 24",7430.98,"1.44 %"
"Green garden waste only",Devon,842313,"Apr 24 - Jun 24",7411.54,"1.44 %"
"Green garden waste only",Wakefield,367666,"Jul 24 - Sep 24",7384.56,"0.63 %"
"Other compostable waste",Leicester,388348,"Oct 24 - Dec 24",7373.16,"0.66 %"
Rubble,Merseyside,1475541,"Jul 24 - Sep 24",7365.54,"2.52 %"
"Incinerator Bottom Ash",Devon,842313,"Oct 24 - Dec 24",7360.6,"1.44 %"
"Incinerator Bottom Ash",Kirklees,447847,"Jan 25 - Mar 25",7313.55,"0.76 %"
"Incinerator Bottom Ash",Leicestershire,745573,"Jul 24 - Sep 24",7309.96,"1.27 %"
"Green garden waste only",Doncaster,319765,"Jul 24 - Sep 24",7309.82,"0.55 %"
"Green garden waste only",Northumberland,331420,"Jul 24 - Sep 24",7299.6,"0.57 %"
"Incinerator Bottom Ash",Kirklees,447847,"Jul 24 - Sep 24",7271.58,"0.76 %"
"Green garden waste only",Devon,842313,"Jul 24 - Sep 24",7252.54,"1.44 %"
"Incinerator Bottom Ash",Sheffield,582493,"Apr 24 - Jun 24",7245.2,"0.99 %"
"Green garden waste only",Northumberland,331420,"Apr 24 - Jun 24",7232.6,"0.57 %"
"Green garden waste only","North Northamptonshire",373871,"Jul 24 - Sep 24",7221.87,"0.64 %"
"Green garden waste only","Westmorland and Furness",230185,"Apr 24 - Jun 24",7208.84,"0.39 %"
"Mixed garden and food waste","Cheshire East",421298,"Oct 24 - Dec 24",7177.27,"0.72 %"
"Incinerator Bottom Ash",Oxfordshire,763218,"Apr 24 - Jun 24",7137.9,"1.30 %"
"Mixed glass","North Yorkshire",635270,"Jan 25 - Mar 25",7107.79,"1.08 %"
"Incinerator Bottom Ash",Hertfordshire,1236191,"Oct 24 - Dec 24",7080.15,"2.11 %"
"Incinerator Bottom Ash",Oxfordshire,763218,"Jan 25 - Mar 25",7078.78,"1.30 %"
"Green garden waste only","Central Bedfordshire",315877,"Apr 24 - Jun 24",7063.19,"0.54 %"
"Green garden waste only",Cornwall,583289,"Oct 24 - Dec 24",7062,"1.00 %"
"Mixed garden and food waste",Trafford,241025,"Jul 24 - Sep 24",7054.76,"0.41 %"
"Incinerator Bottom Ash",Sheffield,582493,"Jul 24 - Sep 24",7049.27,"0.99 %"
"Green garden waste only",Merseyside,1475541,"Jul 24 - Sep 24",7015.21,"2.52 %"
"Green garden waste only",Barnsley,251770,"Apr 24 - Jun 24",7011.6,"0.43 %"
"Green garden waste only",Solihull,221242,"Apr 24 - Jun 24",7009.68,"0.38 %"
"Green garden waste only",Bromley,335319,"Apr 24 - Jun 24",6993.96,"0.57 %"
Wood,"North Yorkshire",635270,"Jul 24 - Sep 24",6993.21,"1.08 %"
"Mixed glass",Leeds,845189,"Jan 25 - Mar 25",6989.51,"1.44 %"
"Incinerator Bottom Ash",Buckinghamshire,578772,"Apr 24 - Jun 24",6922.55,"0.99 %"
"Mixed garden and food waste","Milton Keynes",305884,"Jul 24 - Sep 24",6918.88,"0.52 %"
"Mixed glass","North Yorkshire",635270,"Jul 24 - Sep 24",6914.77,"1.08 %"
"Green garden waste only","Telford and Wrekin",195952,"Apr 24 - Jun 24",6877.75,"0.33 %"
"Incinerator Bottom Ash",Sheffield,582493,"Oct 24 - Dec 24",6816.11,"0.99 %"
"Incinerator Bottom Ash",Sheffield,582493,"Jan 25 - Mar 25",6785.5,"0.99 %"
Wood,Lincolnshire,789502,"Apr 24 - Jun 24",6784.84,"1.35 %"
"Green garden waste only",Sefton,286281,"Apr 24 - Jun 24",6772.64,"0.49 %"
"Incinerator Bottom Ash","Central Bedfordshire",315877,"Apr 24 - Jun 24",6771.92,"0.54 %"
"Incinerator Bottom Ash",Westminster,209996,"Apr 24 - Jun 24",6750.94,"0.36 %"
"Incinerator Bottom Ash",Cornwall,583289,"Jan 25 - Mar 25",6741,"1.00 %"
Wood,Birmingham,1183618,"Apr 24 - Jun 24",6736.04,"2.02 %"
"Incinerator Bottom Ash",Buckinghamshire,578772,"Jul 24 - Sep 24",6732.97,"0.99 %"
"Green garden waste only",Nottinghamshire,857013,"Jul 24 - Sep 24",6704.7,"1.46 %"
"Green garden waste only",Kent,1639029,"Apr 24 - Jun 24",6656.97,"2.80 %"
Wood,Birmingham,1183618,"Jul 24 - Sep 24",6649.64,"2.02 %"
"Green garden waste only","North Lincolnshire",171336,"Apr 24 - Jun 24",6634.04,"0.29 %"
"Incinerator Bottom Ash",Kirklees,447847,"Oct 24 - Dec 24",6604.01,"0.76 %"
"Incinerator Bottom Ash",Durham,NULL,"Apr 24 - Jun 24",6597.46,NULL
"Incinerator Bottom Ash",Northumberland,331420,"Jan 25 - Mar 25",6585.7,"0.57 %"
Wood,"North Yorkshire",635270,"Jan 25 - Mar 25",6576.37,"1.08 %"
"Incinerator Bottom Ash",Westminster,209996,"Oct 24 - Dec 24",6541.18,"0.36 %"
"Incinerator Bottom Ash",Somerset,588328,"Apr 24 - Jun 24",6516.87,"1.00 %"
Rubble,Hampshire,1447214,"Apr 24 - Jun 24",6494.79,"2.47 %"
"Green garden waste only","Westmorland and Furness",230185,"Jul 24 - Sep 24",6481.8,"0.39 %"
"Mixed glass",Westminster,209996,"Oct 24 - Dec 24",6476.04,"0.36 %"
"Mixed garden and food waste","East Riding of Yorkshire",355884,"Jan 25 - Mar 25",6436.42,"0.61 %"
"Mixed garden and food waste",Bolton,310085,"Apr 24 - Jun 24",6432.67,"0.53 %"
"Green garden waste only",Cornwall,583289,"Jan 25 - Mar 25",6420.79,"1.00 %"
"Mixed glass",Leeds,845189,"Oct 24 - Dec 24",6406.96,"1.44 %"
"Incinerator Bottom Ash",Lincolnshire,789502,"Jan 25 - Mar 25",6391,"1.35 %"
Wood,Lincolnshire,789502,"Jul 24 - Sep 24",6382.1,"1.35 %"
"Mixed garden and food waste","Cambridge and South Cambs s",NULL,"Oct 24 - Dec 24",6376.26,NULL
"Other compostable waste","Greater Manchester",3009664,"Apr 24 - Jun 24",6371.07,"5.13 %"
"Incinerator Bottom Ash","East Sussex",560882,"Jul 24 - Sep 24",6366.39,"0.96 %"
"Mixed garden and food waste",Derby,274149,"Apr 24 - Jun 24",6358.54,"0.47 %"
"Incinerator Bottom Ash",Durham,NULL,"Jul 24 - Sep 24",6287.56,NULL
"Incinerator Bottom Ash",Durham,NULL,"Jan 25 - Mar 25",6277.14,NULL
"Green garden waste only",Surrey,1248649,"Jul 24 - Sep 24",6270,"2.13 %"
"Incinerator Bottom Ash",Croydon,409342,"Apr 24 - Jun 24",6269.03,"0.70 %"
"Incinerator Bottom Ash","Central Bedfordshire",315877,"Jul 24 - Sep 24",6252.91,"0.54 %"
"Incinerator Bottom Ash",Westminster,209996,"Jul 24 - Sep 24",6227.15,"0.36 %"
"Incinerator Bottom Ash","East Sussex",560882,"Apr 24 - Jun 24",6224.51,"0.96 %"
Wood,"Bournemouth, Christchurch and Poole",408967,"Apr 24 - Jun 24",6213.6,"0.70 %"
"Green garden waste only",Chelmsford,188803,"Apr 24 - Jun 24",6187.33,"0.32 %"
"Green garden waste only",Hampshire,1447214,"Oct 24 - Dec 24",6184.59,"2.47 %"
"Other compostable waste",Lancashire,1294914,"Apr 24 - Jun 24",6182.58,"2.21 %"
"Incinerator Bottom Ash",Surrey,1248649,"Jul 24 - Sep 24",6180,"2.13 %"
"Green garden waste only","East Suffolk",249664,"Jul 24 - Sep 24",6173.07,"0.43 %"
"Green garden waste only","West Northamptonshire",439811,"Oct 24 - Dec 24",6171.1,"0.75 %"
"Incinerator Bottom Ash","Central Bedfordshire",315877,"Oct 24 - Dec 24",6165.53,"0.54 %"
"Green garden waste only",Sefton,286281,"Jul 24 - Sep 24",6162.88,"0.49 %"
"Green garden waste only",Norfolk,940359,"Jul 24 - Sep 24",6149.26,"1.60 %"
"Green garden waste only",Rotherham,276595,"Apr 24 - Jun 24",6104.88,"0.47 %"
"Green garden waste only",Dudley,331930,"Jul 24 - Sep 24",6089.09,"0.57 %"
"Incinerator Bottom Ash","Central Bedfordshire",315877,"Jan 25 - Mar 25",6077.89,"0.54 %"
"Green garden waste only","North Somerset",224578,"Apr 24 - Jun 24",6058.03,"0.38 %"
"Green garden waste only",Leeds,845189,"Oct 24 - Dec 24",6055.74,"1.44 %"
"Green garden waste only",Kent,1639029,"Jul 24 - Sep 24",6028.65,"2.80 %"
"Incinerator Bottom Ash",Northumberland,331420,"Jul 24 - Sep 24",6006,"0.57 %"
Soil,"West Sussex",915037,"Apr 24 - Jun 24",6003.26,"1.56 %"
"Other Scrap metal","Greater Manchester",3009664,"Jan 25 - Mar 25",6002.81,"5.13 %"
"Green garden waste only","South Gloucestershire",306332,"Jul 24 - Sep 24",6001.62,"0.52 %"
Rubble,Hampshire,1447214,"Jul 24 - Sep 24",5967.42,"2.47 %"
"Mixed paper &  card",Cornwall,583289,"Jan 25 - Mar 25",5958.52,"1.00 %"
"Green garden waste only","Telford and Wrekin",195952,"Jul 24 - Sep 24",5958.31,"0.33 %"
"Green garden waste only",York,209301,"Apr 24 - Jun 24",5931.82,"0.36 %"
Wood,Worcestershire,621360,"Jan 25 - Mar 25",5931.24,"1.06 %"
Wood,Worcestershire,621360,"Jul 24 - Sep 24",5920.3,"1.06 %"
"Other compostable waste","Greater Manchester",3009664,"Jan 25 - Mar 25",5911.96,"5.13 %"
Rubble,Worcestershire,621360,"Apr 24 - Jun 24",5897.61,"1.06 %"
"Mixed garden and food waste",Rochdale,235561,"Apr 24 - Jun 24",5881.34,"0.40 %"
"Green garden waste only",Norfolk,940359,"Apr 24 - Jun 24",5878.21,"1.60 %"
"Green garden waste only","Central Bedfordshire",315877,"Jul 24 - Sep 24",5872.88,"0.54 %"
"Incinerator Bottom Ash","East Sussex",560882,"Jan 25 - Mar 25",5863.33,"0.96 %"
"Mixed garden and food waste",Medway,292655,"Jul 24 - Sep 24",5857.8,"0.50 %"
Rubble,"Greater Manchester",3009664,"Jan 25 - Mar 25",5851.78,"5.13 %"
"Mixed glass","North Yorkshire",635270,"Oct 24 - Dec 24",5846.75,"1.08 %"
"Incinerator Bottom Ash",Durham,NULL,"Oct 24 - Dec 24",5840.32,NULL
"Mixed garden and food waste",Tameside,239643,"Apr 24 - Jun 24",5834.12,"0.41 %"
"Mixed paper &  card",Cornwall,583289,"Jul 24 - Sep 24",5831.11,"1.00 %"
"Mixed garden and food waste",Bolton,310085,"Jul 24 - Sep 24",5817.33,"0.53 %"
"Other compostable waste","East London",NULL,"Oct 24 - Dec 24",5805,NULL
"Incinerator Bottom Ash",Plymouth,272067,"Jul 24 - Sep 24",5774.34,"0.46 %"
"Mixed garden and food waste",Salford,294348,"Apr 24 - Jun 24",5749,"0.50 %"
"Green garden waste only","Cheshire West and Chester",371652,"Oct 24 - Dec 24",5741.11,"0.63 %"
"Incinerator Bottom Ash","North Yorkshire",635270,"Oct 24 - Dec 24",5734.71,"1.08 %"
"Mixed paper &  card",Cornwall,583289,"Oct 24 - Dec 24",5733.59,"1.00 %"
"Incinerator Bottom Ash",Cornwall,583289,"Apr 24 - Jun 24",5729.06,"1.00 %"
"Green garden waste only",Worcestershire,621360,"Apr 24 - Jun 24",5711.58,"1.06 %"
"Green garden waste only","Mid Suffolk and Babergh",NULL,"Apr 24 - Jun 24",5711.28,NULL
"Mixed glass",Westminster,209996,"Jul 24 - Sep 24",5705.49,"0.36 %"
"Green garden waste only",Walsall,295678,"Jul 24 - Sep 24",5702.94,"0.50 %"
"Mixed garden and food waste","Kingston upon Hull",NULL,"Apr 24 - Jun 24",5698.26,NULL
"Incinerator Bottom Ash",Plymouth,272067,"Oct 24 - Dec 24",5667.6,"0.46 %"
"Mixed garden and food waste",Manchester,589670,"Oct 24 - Dec 24",5664.08,"1.01 %"
"Incinerator Bottom Ash",Oxfordshire,763218,"Oct 24 - Dec 24",5663.11,"1.30 %"
"Green garden waste only",Solihull,221242,"Jul 24 - Sep 24",5659.08,"0.38 %"
"Green garden waste only",Kirklees,447847,"Apr 24 - Jun 24",5644.74,"0.76 %"
"Incinerator Bottom Ash",Plymouth,272067,"Jan 25 - Mar 25",5639.02,"0.46 %"
"Green garden waste only",Bedford,194976,"Apr 24 - Jun 24",5603.42,"0.33 %"
Wood,"Bournemouth, Christchurch and Poole",408967,"Jul 24 - Sep 24",5601.16,"0.70 %"
"Green garden waste only",Buckinghamshire,578772,"Jan 25 - Mar 25",5601.14,"0.99 %"
"Other compostable waste","East London",NULL,"Apr 24 - Jun 24",5598,NULL
"Mixed paper &  card",Stockport,303929,"Oct 24 - Dec 24",5595.88,"0.52 %"
"Incinerator Bottom Ash",Hertfordshire,1236191,"Jul 24 - Sep 24",5584.33,"2.11 %"
"Incinerator Bottom Ash","East Sussex",560882,"Oct 24 - Dec 24",5579.49,"0.96 %"
"Green garden waste only",Bradford,563605,"Jul 24 - Sep 24",5572,"0.96 %"
Wood,"North Yorkshire",635270,"Oct 24 - Dec 24",5552.21,"1.08 %"
"Green garden waste only",Bradford,563605,"Apr 24 - Jun 24",5549,"0.96 %"
"Green garden waste only","Bournemouth, Christchurch and Poole",408967,"Oct 24 - Dec 24",5527.9,"0.70 %"
"Incinerator Bottom Ash",Plymouth,272067,"Apr 24 - Jun 24",5512.01,"0.46 %"
"Mixed paper &  card",Stockport,303929,"Jan 25 - Mar 25",5507,"0.52 %"
"Incinerator Bottom Ash",Gloucestershire,669380,"Jul 24 - Sep 24",5499.11,"1.14 %"
"Green garden waste only",Wiltshire,523700,"Jan 25 - Mar 25",5489.36,"0.89 %"
"Green garden waste only",Dorset,389947,"Jan 25 - Mar 25",5481.98,"0.67 %"
"Green garden waste only","Stratford on Avon",146258,"Apr 24 - Jun 24",5481.7,"0.25 %"
"Incinerator Bottom Ash",Somerset,588328,"Jan 25 - Mar 25",5481.26,"1.00 %"
"Green garden waste only","North Yorkshire",635270,"Jan 25 - Mar 25",5472.88,"1.08 %"
"Incinerator Bottom Ash",Somerset,588328,"Jul 24 - Sep 24",5463.06,"1.00 %"
"Green garden waste only",Shropshire,332455,"Apr 24 - Jun 24",5461.24,"0.57 %"
"Other compostable waste","Greater Manchester",3009664,"Jul 24 - Sep 24",5445.85,"5.13 %"
"Mixed garden and food waste","Epping Forest",137451,"Apr 24 - Jun 24",5434.04,"0.23 %"
"Mixed glass",Westminster,209996,"Apr 24 - Jun 24",5432,"0.36 %"
"Green garden waste only",Barnsley,251770,"Jul 24 - Sep 24",5408.5,"0.43 %"
"Green garden waste only",Wolverhampton,281251,"Apr 24 - Jun 24",5404.2,"0.48 %"
"Green garden waste only",Huntingdonshire,190619,"Apr 24 - Jun 24",5403.34,"0.33 %"
"Other compostable waste","East London",NULL,"Jul 24 - Sep 24",5394,NULL
"Other compostable waste","East London",NULL,"Jan 25 - Mar 25",5384,NULL
"Green garden waste only",Hillingdon,329185,"Apr 24 - Jun 24",5378,"0.56 %"
"Green garden waste only",Bromley,335319,"Jul 24 - Sep 24",5372.64,"0.57 %"
"Incinerator Bottom Ash",Westminster,209996,"Jan 25 - Mar 25",5362.55,"0.36 %"
"Incinerator Bottom Ash",Hertfordshire,1236191,"Apr 24 - Jun 24",5354.29,"2.11 %"
"Green garden waste only",Knowsley,162565,"Apr 24 - Jun 24",5328.2,"0.28 %"
"Mixed garden and food waste",Trafford,241025,"Oct 24 - Dec 24",5324.43,"0.41 %"
"Green garden waste only",Warrington,215391,"Apr 24 - Jun 24",5311.02,"0.37 %"
"Mixed paper &  card",Buckinghamshire,578772,"Apr 24 - Jun 24",5299.86,"0.99 %"
Rubble,Merseyside,1475541,"Jan 25 - Mar 25",5290.34,"2.52 %"
"Mixed paper &  card",Cornwall,583289,"Apr 24 - Jun 24",5279.39,"1.00 %"
"Incinerator Bottom Ash",Croydon,409342,"Jul 24 - Sep 24",5278.27,"0.70 %"
"Incinerator Bottom Ash",Somerset,588328,"Oct 24 - Dec 24",5276.69,"1.00 %"
"Green garden waste only","West Sussex",915037,"Apr 24 - Jun 24",5256,"1.56 %"
"Green garden waste only","North Somerset",224578,"Jul 24 - Sep 24",5211.83,"0.38 %"
"Green garden waste only",Essex,1563365,"Apr 24 - Jun 24",5211.46,"2.67 %"
"Incinerator Bottom Ash","North Yorkshire",635270,"Jan 25 - Mar 25",5203.35,"1.08 %"
"Green garden waste only","North Lincolnshire",171336,"Jul 24 - Sep 24",5197.7,"0.29 %"
"Green garden waste only",Birmingham,1183618,"Oct 24 - Dec 24",5181.35,"2.02 %"
"Mixed paper &  card",Stockport,303929,"Jul 24 - Sep 24",5173.88,"0.52 %"
Wood,Lancashire,1294914,"Oct 24 - Dec 24",5170.81,"2.21 %"
"Mixed paper &  card",Stockport,303929,"Apr 24 - Jun 24",5164.72,"0.52 %"
Wood,Bradford,563605,"Apr 24 - Jun 24",5160,"0.96 %"
"Green garden waste only",Shropshire,332455,"Jul 24 - Sep 24",5152.93,"0.57 %"
"Mixed garden and food waste",Rochdale,235561,"Jul 24 - Sep 24",5151.42,"0.40 %"
"Incinerator Bottom Ash",Croydon,409342,"Jan 25 - Mar 25",5139.8,"0.70 %"
Rubble,"Greater Manchester",3009664,"Oct 24 - Dec 24",5136.36,"5.13 %"
Soil,"West Sussex",915037,"Jul 24 - Sep 24",5134.7,"1.56 %"
Wood,Oxfordshire,763218,"Apr 24 - Jun 24",5130.97,"1.30 %"
"Mixed paper &  card",Barnet,405050,"Apr 24 - Jun 24",5128.37,"0.69 %"
"Mixed glass",Westminster,209996,"Jan 25 - Mar 25",5117.91,"0.36 %"
"Mixed garden and food waste",Tameside,239643,"Jul 24 - Sep 24",5099.86,"0.41 %"
"Green garden waste only","South Oxfordshire",156470,"Apr 24 - Jun 24",5099.84,"0.27 %"
"Other compostable waste",Bury,198921,"Jul 24 - Sep 24",5088.69,"0.34 %"
"Green garden waste only","Greater Manchester",3009664,"Apr 24 - Jun 24",5087.47,"5.13 %"
"Green garden waste only",Kirklees,447847,"Jul 24 - Sep 24",5083.72,"0.76 %"
"Incinerator Bottom Ash",Surrey,1248649,"Jan 25 - Mar 25",5076,"2.13 %"
"Incinerator Bottom Ash",Croydon,409342,"Oct 24 - Dec 24",5074.75,"0.70 %"
Card,"South Gloucestershire",306332,"Jan 25 - Mar 25",5067.76,"0.52 %"
"Mixed garden and food waste",Derby,274149,"Jul 24 - Sep 24",5065.94,"0.47 %"
"Incinerator Bottom Ash",Kirklees,447847,"Apr 24 - Jun 24",5042.83,"0.76 %"
"Mixed garden and food waste",Bury,198921,"Apr 24 - Jun 24",5040.44,"0.34 %"
"Metals from Incinerator Bottom Ash","Greater Manchester",3009664,"Oct 24 - Dec 24",4989.59,"5.13 %"
"Green garden waste only",Chorley,120839,"Apr 24 - Jun 24",4986.52,"0.21 %"
Rubble,Cumberland,280495,"Apr 24 - Jun 24",4982.99,"0.48 %"
Rubble,Lancashire,1294914,"Jan 25 - Mar 25",4979.37,"2.21 %"
Wood,"Bournemouth, Christchurch and Poole",408967,"Jan 25 - Mar 25",4975.89,"0.70 %"
"Mixed garden and food waste",Coventry,369026,"Apr 24 - Jun 24",4974.22,"0.63 %"
"Mixed paper &  card","North Yorkshire",635270,"Oct 24 - Dec 24",4970.29,"1.08 %"
Rubble,Worcestershire,621360,"Jul 24 - Sep 24",4967.08,"1.06 %"
"Incinerator Bottom Ash",Bristol,NULL,"Jan 25 - Mar 25",4963.63,NULL
"Green garden waste only",Shropshire,332455,"Jan 25 - Mar 25",4952.76,"0.57 %"
Rubble,Merseyside,1475541,"Oct 24 - Dec 24",4948.44,"2.52 %"
"Green garden waste only",Worcestershire,621360,"Jul 24 - Sep 24",4934.58,"1.06 %"
"Incinerator Bottom Ash",Bedford,194976,"Apr 24 - Jun 24",4917.85,"0.33 %"
"Incinerator Bottom Ash",Leicestershire,745573,"Jan 25 - Mar 25",4899.78,"1.27 %"
"Green garden waste only",Sheffield,582493,"Apr 24 - Jun 24",4896.3,"0.99 %"
Wood,Dorset,389947,"Apr 24 - Jun 24",4883.04,"0.67 %"
Rubble,Nottinghamshire,857013,"Jul 24 - Sep 24",4877.98,"1.46 %"
"Mixed garden and food waste","Cheshire East",421298,"Jan 25 - Mar 25",4868.12,"0.72 %"
"Mixed garden and food waste",Manchester,589670,"Jan 25 - Mar 25",4862.6,"1.01 %"
Wood,Oxfordshire,763218,"Jul 24 - Sep 24",4846.28,"1.30 %"
"Incinerator Bottom Ash",Bristol,NULL,"Apr 24 - Jun 24",4822.18,NULL
"Mixed garden and food waste",Salford,294348,"Jul 24 - Sep 24",4821,"0.50 %"
"Mixed paper &  card","North Yorkshire",635270,"Jan 25 - Mar 25",4819.73,"1.08 %"
"Green garden waste only",Wealden,166908,"Apr 24 - Jun 24",4808.64,"0.28 %"
"Green garden waste only",Wirral,328873,"Apr 24 - Jun 24",4806.88,"0.56 %"
"Mixed garden and food waste","Kingston upon Hull",NULL,"Jul 24 - Sep 24",4802.58,NULL
"Mixed garden and food waste",Shropshire,332455,"Oct 24 - Dec 24",4801.33,"0.57 %"
"Incinerator Bottom Ash",Leicestershire,745573,"Apr 24 - Jun 24",4778.01,"1.27 %"
"Mixed garden and food waste",Oldham,251560,"Apr 24 - Jun 24",4777.58,"0.43 %"
"Green garden waste only",Horsham,151521,"Apr 24 - Jun 24",4766.95,"0.26 %"
"Incinerator Bottom Ash",Dudley,331930,"Jul 24 - Sep 24",4759.86,"0.57 %"
"Incinerator Bottom Ash",Northumberland,331420,"Oct 24 - Dec 24",4759.6,"0.57 %"
"Incinerator Bottom Ash",Bradford,563605,"Jan 25 - Mar 25",4759.6,"0.96 %"
"Incinerator Bottom Ash",York,209301,"Jul 24 - Sep 24",4758.11,"0.36 %"
"Mixed paper &  card","North Yorkshire",635270,"Jul 24 - Sep 24",4748.65,"1.08 %"
"Green garden waste only",York,209301,"Jul 24 - Sep 24",4740.37,"0.36 %"
"Green garden waste only",Rotherham,276595,"Jul 24 - Sep 24",4736.04,"0.47 %"
"Mixed glass","North Yorkshire",635270,"Apr 24 - Jun 24",4729.84,"1.08 %"
Wood,Bradford,563605,"Jul 24 - Sep 24",4716.05,"0.96 %"
"Mixed garden and food waste","Milton Keynes",305884,"Oct 24 - Dec 24",4712.5,"0.52 %"
"Green garden waste only","West Sussex",915037,"Jul 24 - Sep 24",4699.65,"1.56 %"
"Green garden waste only",Arun,170064,"Apr 24 - Jun 24",4696.94,"0.29 %"
"Green garden waste only",Bexley,256434,"Apr 24 - Jun 24",4664.08,"0.44 %"
Wood,Worcestershire,621360,"Oct 24 - Dec 24",4660.96,"1.06 %"
"Green garden waste only",Wolverhampton,281251,"Jul 24 - Sep 24",4642.8,"0.48 %"
"Green garden waste only","Mid Suffolk and Babergh",NULL,"Jul 24 - Sep 24",4608.24,NULL
"Green garden waste only",Wokingham,187200,"Apr 24 - Jun 24",4598.78,"0.32 %"
"Mixed garden and food waste",Trafford,241025,"Jan 25 - Mar 25",4597.88,"0.41 %"
"Green garden waste only",Bromley,335319,"Oct 24 - Dec 24",4597.86,"0.57 %"
"Green garden waste only",Croydon,409342,"Apr 24 - Jun 24",4597.44,"0.70 %"
"Other materials",Leicester,388348,"Jul 24 - Sep 24",4584.7,"0.66 %"
"Incinerator Bottom Ash",Bradford,563605,"Apr 24 - Jun 24",4584,"0.96 %"
"Green garden waste only",Devon,842313,"Oct 24 - Dec 24",4582.12,"1.44 %"
"Green garden waste only","Greater Manchester",3009664,"Jul 24 - Sep 24",4581.66,"5.13 %"
"Incinerator Bottom Ash","Newcastle upon Tyne",320605,"Oct 24 - Dec 24",4580.89,"0.55 %"
"Green garden waste only",Huntingdonshire,190619,"Jul 24 - Sep 24",4566.62,"0.33 %"
"Mixed garden and food waste",Wigan,344922,"Oct 24 - Dec 24",4564.12,"0.59 %"
"Incinerator Bottom Ash",Bristol,NULL,"Oct 24 - Dec 24",4554.75,NULL
"Metals from Incinerator Bottom Ash",Merseyside,1475541,"Apr 24 - Jun 24",4545.57,"2.52 %"
Card,Durham,NULL,"Oct 24 - Dec 24",4544.2,NULL
Rubble,Cumberland,280495,"Jul 24 - Sep 24",4542.6,"0.48 %"
Wood,Leeds,845189,"Jul 24 - Sep 24",4540.06,"1.44 %"
"Incinerator Bottom Ash",Gloucestershire,669380,"Oct 24 - Dec 24",4538.69,"1.14 %"
Wood,Dorset,389947,"Jul 24 - Sep 24",4532.96,"0.67 %"
"Green garden waste only",Cherwell,170426,"Apr 24 - Jun 24",4530.86,"0.29 %"
"Green garden waste only",Chorley,120839,"Jul 24 - Sep 24",4514.92,"0.21 %"
"Incinerator Bottom Ash","Stockton on Tees",206800,"Jan 25 - Mar 25",4500.62,"0.35 %"
Card,Durham,NULL,"Jul 24 - Sep 24",4499.12,NULL
Card,Durham,NULL,"Apr 24 - Jun 24",4496.62,NULL
"Metals from Incinerator Bottom Ash",Birmingham,1183618,"Jan 25 - Mar 25",4485.15,"2.02 %"
"Green garden waste only",Hampshire,1447214,"Jan 25 - Mar 25",4484,"2.47 %"
"Green garden waste only","North Kesteven",122468,"Apr 24 - Jun 24",4472.1,"0.21 %"
"Green garden waste only","North Tyneside",215025,"Apr 24 - Jun 24",4467.03,"0.37 %"
"Incinerator Bottom Ash",Warwickshire,632207,"Apr 24 - Jun 24",4466.4,"1.08 %"
"Green garden waste only",Hillingdon,329185,"Jul 24 - Sep 24",4462,"0.56 %"
"Incinerator Bottom Ash",Warrington,215391,"Jul 24 - Sep 24",4461.02,"0.37 %"
Wood,Leeds,845189,"Apr 24 - Jun 24",4458.84,"1.44 %"
"Green garden waste only",Warrington,215391,"Jul 24 - Sep 24",4455.64,"0.37 %"
"Mixed garden and food waste","South Derbyshire",117493,"Apr 24 - Jun 24",4455.14,"0.20 %"
"Green garden waste only",Essex,1563365,"Jul 24 - Sep 24",4452.89,"2.67 %"
"Incinerator Bottom Ash",Warwickshire,632207,"Oct 24 - Dec 24",4450,"1.08 %"
"Green garden waste only",Broadland,138157,"Apr 24 - Jun 24",4442.74,"0.24 %"
"Incinerator Bottom Ash",Warrington,215391,"Jan 25 - Mar 25",4440.21,"0.37 %"
Rubble,Nottinghamshire,857013,"Apr 24 - Jun 24",4438.64,"1.46 %"
"Green garden waste only",Barnet,405050,"Apr 24 - Jun 24",4437.58,"0.69 %"
Wood,Dorset,389947,"Jan 25 - Mar 25",4431.91,"0.67 %"
"Incinerator Bottom Ash",Nottingham,331077,"Jan 25 - Mar 25",4427.68,"0.56 %"
"Mixed garden and food waste",Greenwich,299528,"Apr 24 - Jun 24",4425.62,"0.51 %"
"Incinerator Bottom Ash",Warrington,215391,"Apr 24 - Jun 24",4425.11,"0.37 %"
"Other compostable waste",Leicester,388348,"Jan 25 - Mar 25",4415.01,"0.66 %"
"Incinerator Bottom Ash",Dudley,331930,"Oct 24 - Dec 24",4414.49,"0.57 %"
"Green garden waste only","Stratford on Avon",146258,"Jul 24 - Sep 24",4405.44,"0.25 %"
"Mixed garden and food waste","Epping Forest",137451,"Jul 24 - Sep 24",4399.7,"0.23 %"
"Mixed garden and food waste","West Berkshire",165112,"Apr 24 - Jun 24",4394.48,"0.28 %"
"Green garden waste only",Knowsley,162565,"Jul 24 - Sep 24",4392.04,"0.28 %"
"Incinerator Bottom Ash",Nottingham,331077,"Apr 24 - Jun 24",4385.48,"0.56 %"
"Green garden waste only",Liverpool,508961,"Apr 24 - Jun 24",4379,"0.87 %"
"Green garden waste only","West Suffolk",188485,"Apr 24 - Jun 24",4376.25,"0.32 %"
"Green garden waste only","South Norfolk",148448,"Apr 24 - Jun 24",4361.8,"0.25 %"
"Incinerator Bottom Ash",Wolverhampton,281251,"Oct 24 - Dec 24",4354.38,"0.48 %"
Rubble,"West Sussex",915037,"Apr 24 - Jun 24",4352.8,"1.56 %"
"Mixed garden and food waste","Cambridge and South Cambs s",NULL,"Jan 25 - Mar 25",4349.3,NULL
"Green garden waste only",Derbyshire,822377,"Jul 24 - Sep 24",4328.36,"1.40 %"
Wood,Oxfordshire,763218,"Jan 25 - Mar 25",4325.77,"1.30 %"
"Incinerator Bottom Ash",Bedford,194976,"Jul 24 - Sep 24",4317.02,"0.33 %"
"Green garden waste only",Stafford,141556,"Apr 24 - Jun 24",4311.96,"0.24 %"
"Green garden waste only",Rushcliffe,126736,"Apr 24 - Jun 24",4306.02,"0.22 %"
"Green garden waste only",Surrey,1248649,"Oct 24 - Dec 24",4303,"2.13 %"
"Other materials",Leicester,388348,"Apr 24 - Jun 24",4300.42,"0.66 %"
"Green garden waste only","West Northamptonshire",439811,"Jan 25 - Mar 25",4296.81,"0.75 %"
"Incinerator Bottom Ash",Dudley,331930,"Jan 25 - Mar 25",4292.95,"0.57 %"
"Green garden waste only",Havering,276274,"Apr 24 - Jun 24",4285.77,"0.47 %"
"Other materials",Lancashire,1294914,"Apr 24 - Jun 24",4276.5,"2.21 %"
Card,"South Gloucestershire",306332,"Apr 24 - Jun 24",4269.23,"0.52 %"
"Other Scrap metal",Hampshire,1447214,"Apr 24 - Jun 24",4264.35,"2.47 %"
"Green garden waste only","East Suffolk",249664,"Oct 24 - Dec 24",4263.66,"0.43 %"
"Green garden waste only","East Lindsey",145183,"Apr 24 - Jun 24",4261.68,"0.25 %"
"Green garden waste only",Nottingham,331077,"Apr 24 - Jun 24",4259.5,"0.56 %"
Wood,Worcestershire,621360,"Apr 24 - Jun 24",4249.73,"1.06 %"
Rubble,Hampshire,1447214,"Jan 25 - Mar 25",4249.41,"2.47 %"
"Green garden waste only",Wirral,328873,"Jul 24 - Sep 24",4248.28,"0.56 %"
Wood,Leicestershire,745573,"Jul 24 - Sep 24",4245.05,"1.27 %"
"Mixed glass",Somerset,588328,"Jan 25 - Mar 25",4239.16,"1.00 %"
"Incinerator Bottom Ash",Northumberland,331420,"Apr 24 - Jun 24",4235.8,"0.57 %"
"Mixed garden and food waste",Oldham,251560,"Jul 24 - Sep 24",4229.88,"0.43 %"
"Green garden waste only",Derbyshire,822377,"Apr 24 - Jun 24",4225.7,"1.40 %"
"Green garden waste only",Chelmsford,188803,"Jul 24 - Sep 24",4221.1,"0.32 %"
Wood,"Bournemouth, Christchurch and Poole",408967,"Oct 24 - Dec 24",4218.93,"0.70 %"
"Metals from Incinerator Bottom Ash","Greater Manchester",3009664,"Jul 24 - Sep 24",4212.42,"5.13 %"
Rubble,Essex,1563365,"Apr 24 - Jun 24",4206.35,"2.67 %"
"Green garden waste only","South Kesteven",147151,"Apr 24 - Jun 24",4204.11,"0.25 %"
Wood,Kent,1639029,"Jul 24 - Sep 24",4191.96,"2.80 %"
Rubble,Lancashire,1294914,"Oct 24 - Dec 24",4186.17,"2.21 %"
"Green garden waste only","East Staffordshire",129659,"Apr 24 - Jun 24",4184.76,"0.22 %"
"Green garden waste only","Bath and North East Somerset",200028,"Apr 24 - Jun 24",4178.16,"0.34 %"
"Incinerator Bottom Ash",Bedford,194976,"Jan 25 - Mar 25",4177.12,"0.33 %"
"Other Scrap metal",Hampshire,1447214,"Jul 24 - Sep 24",4174.54,"2.47 %"
"Green garden waste only",Lancashire,1294914,"Jul 24 - Sep 24",4168.51,"2.21 %"
"Green garden waste only",Charnwood,188385,"Apr 24 - Jun 24",4168.24,"0.32 %"
"Green garden waste only",Wealden,166908,"Jul 24 - Sep 24",4166.78,"0.28 %"
"Green garden waste only",Lancashire,1294914,"Apr 24 - Jun 24",4157.48,"2.21 %"
"Mixed glass",Buckinghamshire,578772,"Jan 25 - Mar 25",4150.33,"0.99 %"
"Incinerator Bottom Ash","Cheshire East",421298,"Jan 25 - Mar 25",4148.07,"0.72 %"
Wood,"South Gloucestershire",306332,"Apr 24 - Jun 24",4147.96,"0.52 %"
"Mixed glass",Somerset,588328,"Jul 24 - Sep 24",4138.76,"1.00 %"
"Green garden waste only",Braintree,164304,"Apr 24 - Jun 24",4137.68,"0.28 %"
"Waste food only",Cornwall,583289,"Jan 25 - Mar 25",4136.5,"1.00 %"
"Metals from Incinerator Bottom Ash","North London",NULL,"Jul 24 - Sep 24",4122.24,NULL
"Other Scrap metal","North Yorkshire",635270,"Apr 24 - Jun 24",4116.76,"1.08 %"
Wood,Leeds,845189,"Jan 25 - Mar 25",4113.56,"1.44 %"
"Mixed glass",Buckinghamshire,578772,"Jul 24 - Sep 24",4112.68,"0.99 %"
"Green garden waste only",Bristol,NULL,"Apr 24 - Jun 24",4098.51,NULL
"Incinerator Bottom Ash",Bedford,194976,"Oct 24 - Dec 24",4097.71,"0.33 %"
"Incinerator Bottom Ash",Bradford,563605,"Jul 24 - Sep 24",4094,"0.96 %"
Rubble,Wiltshire,523700,"Apr 24 - Jun 24",4093.49,"0.89 %"
"Green garden waste only",Bedford,194976,"Jul 24 - Sep 24",4091.52,"0.33 %"
"Green garden waste only","West Berkshire",165112,"Jul 24 - Sep 24",4088.31,"0.28 %"
Card,"South Gloucestershire",306332,"Jul 24 - Sep 24",4078.46,"0.52 %"
"Incinerator Bottom Ash",Sunderland,288606,"Jan 25 - Mar 25",4072.3,"0.49 %"
"Mixed glass",Wiltshire,523700,"Jan 25 - Mar 25",4067.75,"0.89 %"
"Mixed garden and food waste","Staffordshire Moorlands",96651,"Apr 24 - Jun 24",4065.33,"0.16 %"
"Incinerator Bottom Ash",Nottingham,331077,"Oct 24 - Dec 24",4062.97,"0.56 %"
"Mixed glass",Somerset,588328,"Apr 24 - Jun 24",4059.95,"1.00 %"
"Green garden waste only","North Northamptonshire",373871,"Oct 24 - Dec 24",4058.55,"0.64 %"
"Green garden waste only",Horsham,151521,"Jul 24 - Sep 24",4044.78,"0.26 %"
"Green garden waste only",Maidstone,187767,"Apr 24 - Jun 24",4036.75,"0.32 %"
"Mixed glass",Leeds,845189,"Jul 24 - Sep 24",4034.47,"1.44 %"
Wood,Bradford,563605,"Jan 25 - Mar 25",4029.36,"0.96 %"
"Other Scrap metal","Greater Manchester",3009664,"Apr 24 - Jun 24",4022.25,"5.13 %"
"Mixed paper &  card",Buckinghamshire,578772,"Oct 24 - Dec 24",4014.74,"0.99 %"
"Incinerator Bottom Ash","Cheshire East",421298,"Apr 24 - Jun 24",3995.3,"0.72 %"
"Green garden waste only","Cheshire West and Chester",371652,"Jan 25 - Mar 25",3993.59,"0.63 %"
"Incinerator Bottom Ash","North Tyneside",215025,"Oct 24 - Dec 24",3993.55,"0.37 %"
"Green garden waste only","Kings Lynn and West Norfolk",NULL,"Apr 24 - Jun 24",3993.16,NULL
"Incinerator Bottom Ash",Hartlepool,98180,"Jan 25 - Mar 25",3992.19,"0.17 %"
"Green garden waste only",Arun,170064,"Jul 24 - Sep 24",3990.75,"0.29 %"
"Mixed garden and food waste",Rochford,89815,"Apr 24 - Jun 24",3988.9,"0.15 %"
"Green garden waste only",Lincolnshire,789502,"Apr 24 - Jun 24",3980.54,"1.35 %"
"Mixed garden and food waste",Salford,294348,"Oct 24 - Dec 24",3976,"0.50 %"
"Metals from Incinerator Bottom Ash","North London",NULL,"Oct 24 - Dec 24",3972.32,NULL
"Waste food only",Dorset,389947,"Oct 24 - Dec 24",3968.54,"0.67 %"
"Green garden waste only",Lincolnshire,789502,"Jul 24 - Sep 24",3968.24,"1.35 %"
"Incinerator Bottom Ash","Cheshire East",421298,"Jul 24 - Sep 24",3966.68,"0.72 %"
"Incinerator Bottom Ash",Wiltshire,523700,"Jan 25 - Mar 25",3966.56,"0.89 %"
"Green garden waste only",Leicestershire,745573,"Apr 24 - Jun 24",3957.07,"1.27 %"
"Green garden waste only",Sunderland,288606,"Apr 24 - Jun 24",3945.59,"0.49 %"
"Green garden waste only",Leicestershire,745573,"Jul 24 - Sep 24",3939.86,"1.27 %"
"Incinerator Bottom Ash",Bradford,563605,"Oct 24 - Dec 24",3938,"0.96 %"
Wood,Oxfordshire,763218,"Oct 24 - Dec 24",3936.08,"1.30 %"
Wood,Durham,NULL,"Apr 24 - Jun 24",3931.03,NULL
"Waste food only",Dorset,389947,"Jan 25 - Mar 25",3924.14,"0.67 %"
"Incinerator Bottom Ash",Wiltshire,523700,"Oct 24 - Dec 24",3918.6,"0.89 %"
"Mixed glass",Somerset,588328,"Oct 24 - Dec 24",3913.84,"1.00 %"
"Mixed glass",Buckinghamshire,578772,"Apr 24 - Jun 24",3908.41,"0.99 %"
Wood,Birmingham,1183618,"Oct 24 - Dec 24",3908.28,"2.02 %"
"Green garden waste only","North West Leicestershire",111881,"Apr 24 - Jun 24",3901.8,"0.19 %"
"Green garden waste only","Bath and North East Somerset",200028,"Jul 24 - Sep 24",3886.67,"0.34 %"
"Green garden waste only",Durham,NULL,"Oct 24 - Dec 24",3878.44,NULL
"Waste food only",Bristol,NULL,"Jan 25 - Mar 25",3869.38,NULL
"Mixed glass",Wiltshire,523700,"Jul 24 - Sep 24",3861.36,"0.89 %"
"Green garden waste only",Sandwell,353860,"Apr 24 - Jun 24",3855.58,"0.60 %"
"Waste food only",Dorset,389947,"Jul 24 - Sep 24",3853.32,"0.67 %"
"Green garden waste only","East Hertfordshire",156875,"Apr 24 - Jun 24",3848.62,"0.27 %"
"Incinerator Bottom Ash","Cheshire East",421298,"Oct 24 - Dec 24",3848.42,"0.72 %"
"Green garden waste only","East Lindsey",145183,"Jul 24 - Sep 24",3848.05,"0.25 %"
"Incinerator Bottom Ash",Wolverhampton,281251,"Jan 25 - Mar 25",3844.91,"0.48 %"
"Green garden waste only",Devon,842313,"Jan 25 - Mar 25",3843.03,"1.44 %"
"Mixed glass",Buckinghamshire,578772,"Oct 24 - Dec 24",3840.76,"0.99 %"
"Green garden waste only",Sheffield,582493,"Jul 24 - Sep 24",3835.7,"0.99 %"
"Green garden waste only",Guildford,151359,"Apr 24 - Jun 24",3834.16,"0.26 %"
"Green garden waste only",Barnet,405050,"Jul 24 - Sep 24",3833.4,"0.69 %"
"Green garden waste only","St Albans",151012,"Apr 24 - Jun 24",3831.48,"0.26 %"
"Incinerator Bottom Ash","North Tyneside",215025,"Jul 24 - Sep 24",3826.57,"0.37 %"
"Incinerator Bottom Ash",Wigan,344922,"Jul 24 - Sep 24",3815.29,"0.59 %"
Rubble,"East Riding of Yorkshire",355884,"Apr 24 - Jun 24",3807.46,"0.61 %"
"Green garden waste only",Bristol,NULL,"Jul 24 - Sep 24",3805.34,NULL
"Mixed garden and food waste","Milton Keynes",305884,"Jan 25 - Mar 25",3801.02,"0.52 %"
Rubble,Hampshire,1447214,"Oct 24 - Dec 24",3798.51,"2.47 %"
"Mixed garden and food waste",Wigan,344922,"Jan 25 - Mar 25",3796.06,"0.59 %"
"Waste food only",Buckinghamshire,578772,"Jan 25 - Mar 25",3795.35,"0.99 %"
Card,"South Gloucestershire",306332,"Oct 24 - Dec 24",3792.85,"0.52 %"
"Green garden waste only",Warwick,154889,"Apr 24 - Jun 24",3790.82,"0.26 %"
"Waste food only",Bristol,NULL,"Apr 24 - Jun 24",3787.49,NULL
"Green garden waste only","North Tyneside",215025,"Jul 24 - Sep 24",3783.34,"0.37 %"
"Incinerator Bottom Ash","Newcastle upon Tyne",320605,"Jan 25 - Mar 25",3780.18,"0.55 %"
"Green garden waste only","Westmorland and Furness",230185,"Oct 24 - Dec 24",3779.77,"0.39 %"
"Green garden waste only","West Lindsey",99208,"Apr 24 - Jun 24",3778.46,"0.17 %"
"Green garden waste only","Vale of White Horse",149347,"Apr 24 - Jun 24",3777.84,"0.25 %"
"Waste food only",Buckinghamshire,578772,"Apr 24 - Jun 24",3774.73,"0.99 %"
"Incinerator Bottom Ash",Warwickshire,632207,"Jan 25 - Mar 25",3771,"1.08 %"
Wood,Leicestershire,745573,"Oct 24 - Dec 24",3770.08,"1.27 %"
"Mixed garden and food waste","East Cambridgeshire",92906,"Apr 24 - Jun 24",3765.26,"0.16 %"
"Green garden waste only","East Sussex",560882,"Apr 24 - Jun 24",3759.81,"0.96 %"
Card,Leeds,845189,"Jan 25 - Mar 25",3759.41,"1.44 %"
"Incinerator Bottom Ash",Oxfordshire,763218,"Jul 24 - Sep 24",3754.93,"1.30 %"
"Green garden waste only",Merseyside,1475541,"Jan 25 - Mar 25",3752.34,"2.52 %"
"Green garden waste only",Broadland,138157,"Jul 24 - Sep 24",3751.76,"0.24 %"
"Green garden waste only",Basildon,193632,"Apr 24 - Jun 24",3747.56,"0.33 %"
"Green garden waste only","Reigate and Banstead",159134,"Apr 24 - Jun 24",3745,"0.27 %"
"Green garden waste only","Bournemouth, Christchurch and Poole",408967,"Jan 25 - Mar 25",3743.39,"0.70 %"
"Incinerator Bottom Ash",Warwickshire,632207,"Jul 24 - Sep 24",3742.35,"1.08 %"
"Mixed glass",Wiltshire,523700,"Apr 24 - Jun 24",3739.64,"0.89 %"
"Green garden waste only","Windsor and Maidenhead",158943,"Apr 24 - Jun 24",3737.4,"0.27 %"
"Waste food only",Bristol,NULL,"Oct 24 - Dec 24",3732.22,NULL
"Mixed glass",Durham,NULL,"Apr 24 - Jun 24",3731.82,NULL
"Incinerator Bottom Ash",Sunderland,288606,"Jul 24 - Sep 24",3729.84,"0.49 %"
Card,Durham,NULL,"Jan 25 - Mar 25",3727.9,NULL
Rubble,Essex,1563365,"Jul 24 - Sep 24",3723,"2.67 %"
"Mixed paper &  card","West Northamptonshire",439811,"Jul 24 - Sep 24",3721.28,"0.75 %"
"Mixed garden and food waste","South Derbyshire",117493,"Jul 24 - Sep 24",3718.06,"0.20 %"
"Mixed garden and food waste",Bolton,310085,"Oct 24 - Dec 24",3714.12,"0.53 %"
"Mixed paper &  card",Nottingham,331077,"Jul 24 - Sep 24",3713.57,"0.56 %"
"Mixed garden and food waste",Medway,292655,"Oct 24 - Dec 24",3713.44,"0.50 %"
"Incinerator Bottom Ash",Sandwell,353860,"Jan 25 - Mar 25",3708.55,"0.60 %"
Rubble,"West Sussex",915037,"Jul 24 - Sep 24",3707.92,"1.56 %"
"Green garden waste only","Southend on Sea",185256,"Apr 24 - Jun 24",3706.66,"0.32 %"
"Waste food only",Dorset,389947,"Apr 24 - Jun 24",3705.35,"0.67 %"
Wood,"South Gloucestershire",306332,"Jan 25 - Mar 25",3695.06,"0.52 %"
"Green garden waste only","North Hertfordshire",137201,"Apr 24 - Jun 24",3690.06,"0.23 %"
"Mixed paper &  card","West Northamptonshire",439811,"Jan 25 - Mar 25",3689.85,"0.75 %"
Card,Leeds,845189,"Oct 24 - Dec 24",3688.56,"1.44 %"
"Incinerator Bottom Ash",Shropshire,332455,"Jan 25 - Mar 25",3686.54,"0.57 %"
"Green garden waste only","North Kesteven",122468,"Jul 24 - Sep 24",3683.54,"0.21 %"
"Mixed garden and food waste",Coventry,369026,"Jul 24 - Sep 24",3682.78,"0.63 %"
"Other Scrap metal","Greater Manchester",3009664,"Jul 24 - Sep 24",3680.28,"5.13 %"
"Mixed garden and food waste","Staffordshire Moorlands",96651,"Jul 24 - Sep 24",3677.8,"0.16 %"
"Mixed paper &  card","East Riding of Yorkshire",355884,"Apr 24 - Jun 24",3674.99,"0.61 %"
Rubble,Durham,NULL,"Apr 24 - Jun 24",3674.06,NULL
"Mixed paper &  card",Sheffield,582493,"Jan 25 - Mar 25",3673.1,"0.99 %"
"Green garden waste only","South Staffordshire",114423,"Apr 24 - Jun 24",3667.46,"0.20 %"
"Metals from Incinerator Bottom Ash",Birmingham,1183618,"Jul 24 - Sep 24",3665.98,"2.02 %"
"Waste food only",Buckinghamshire,578772,"Oct 24 - Dec 24",3661.14,"0.99 %"
"Incinerator Bottom Ash","Newcastle upon Tyne",320605,"Jul 24 - Sep 24",3659.69,"0.55 %"
"Mixed glass",Durham,NULL,"Jul 24 - Sep 24",3659.57,NULL
"Incinerator Bottom Ash",Wiltshire,523700,"Jul 24 - Sep 24",3659.48,"0.89 %"
"Other Scrap metal",Hampshire,1447214,"Jan 25 - Mar 25",3653.51,"2.47 %"
"Incinerator Bottom Ash",Nottingham,331077,"Jul 24 - Sep 24",3649.51,"0.56 %"
Wood,Dorset,389947,"Oct 24 - Dec 24",3646.86,"0.67 %"
"Mixed paper &  card",Sheffield,582493,"Jul 24 - Sep 24",3643,"0.99 %"
"Green garden waste only","South Norfolk",148448,"Jul 24 - Sep 24",3642.94,"0.25 %"
Wood,"South Gloucestershire",306332,"Jul 24 - Sep 24",3640.94,"0.52 %"
"Incinerator Bottom Ash",Lewisham,301255,"Apr 24 - Jun 24",3640.08,"0.51 %"
"Green garden waste only",Rushcliffe,126736,"Jul 24 - Sep 24",3640.03,"0.22 %"
"Other materials",Leicester,388348,"Jan 25 - Mar 25",3638.66,"0.66 %"
"Incinerator Bottom Ash",Walsall,295678,"Apr 24 - Jun 24",3623.86,"0.50 %"
"Other compostable waste",Merseyside,1475541,"Oct 24 - Dec 24",3622.86,"2.52 %"
"Green garden waste only",Cherwell,170426,"Jul 24 - Sep 24",3621.76,"0.29 %"
"Green garden waste only",Surrey,1248649,"Jan 25 - Mar 25",3618,"2.13 %"
"Mixed paper &  card",Sheffield,582493,"Oct 24 - Dec 24",3618,"0.99 %"
"Mixed paper &  card","West Northamptonshire",439811,"Oct 24 - Dec 24",3616.91,"0.75 %"
"Mixed garden and food waste",Bolton,310085,"Jan 25 - Mar 25",3608.92,"0.53 %"
"Incinerator Bottom Ash",Shropshire,332455,"Apr 24 - Jun 24",3598,"0.57 %"
"Green garden waste only","Hinckley and Bosworth",116682,"Apr 24 - Jun 24",3592.86,"0.20 %"
Wood,Leicestershire,745573,"Jan 25 - Mar 25",3592.58,"1.27 %"
"Incinerator Bottom Ash",Lancashire,1294914,"Apr 24 - Jun 24",3587.67,"2.21 %"
"Mixed garden and food waste",Greenwich,299528,"Jul 24 - Sep 24",3586.64,"0.51 %"
Card,"North Northamptonshire",373871,"Jan 25 - Mar 25",3585.29,"0.64 %"
"Other materials",Lancashire,1294914,"Oct 24 - Dec 24",3584.59,"2.21 %"
"Green garden waste only",Doncaster,319765,"Oct 24 - Dec 24",3581.36,"0.55 %"
Wood,Leeds,845189,"Oct 24 - Dec 24",3580.67,"1.44 %"
Wood,Bradford,563605,"Oct 24 - Dec 24",3580.3,"0.96 %"
"Incinerator Bottom Ash","North Northamptonshire",373871,"Apr 24 - Jun 24",3579.87,"0.64 %"
"Green garden waste only",Stafford,141556,"Jul 24 - Sep 24",3578.82,"0.24 %"
"Incinerator Bottom Ash",Shropshire,332455,"Oct 24 - Dec 24",3572.89,"0.57 %"
"Mixed paper &  card","Cheshire West and Chester",371652,"Jan 25 - Mar 25",3572.71,"0.63 %"
"Incinerator Bottom Ash",Worcestershire,621360,"Jul 24 - Sep 24",3568.43,"1.06 %"
"Incinerator Bottom Ash",Wigan,344922,"Jan 25 - Mar 25",3564.28,"0.59 %"
"Mixed paper &  card",Sheffield,582493,"Apr 24 - Jun 24",3559.1,"0.99 %"
"Green garden waste only","West Suffolk",188485,"Jul 24 - Sep 24",3557.02,"0.32 %"
Wood,Leicestershire,745573,"Apr 24 - Jun 24",3555.88,"1.27 %"
Wood,Nottinghamshire,857013,"Apr 24 - Jun 24",3554.3,"1.46 %"
"Metals from Incinerator Bottom Ash","Greater Manchester",3009664,"Apr 24 - Jun 24",3551.54,"5.13 %"
Rubble,Durham,NULL,"Jul 24 - Sep 24",3551.12,NULL
"Green garden waste only","South Oxfordshire",156470,"Jul 24 - Sep 24",3546.78,"0.27 %"
"Incinerator Bottom Ash","Newcastle upon Tyne",320605,"Apr 24 - Jun 24",3544.42,"0.55 %"
"Incinerator Bottom Ash",Shropshire,332455,"Jul 24 - Sep 24",3538.76,"0.57 %"
"Green garden waste only",Croydon,409342,"Jul 24 - Sep 24",3535.86,"0.70 %"
"Mixed paper &  card",Manchester,589670,"Jan 25 - Mar 25",3534.72,"1.01 %"
"Green garden waste only","West Oxfordshire",120941,"Apr 24 - Jun 24",3533.16,"0.21 %"
"Green garden waste only","North East Lincolnshire",159911,"Apr 24 - Jun 24",3530.86,"0.27 %"
"Incinerator Bottom Ash","Brighton and Hove",283870,"Jul 24 - Sep 24",3528.61,"0.48 %"
"Waste food only",Bristol,NULL,"Jul 24 - Sep 24",3525.17,NULL
"Green garden waste only","North Norfolk",103217,"Apr 24 - Jun 24",3520.57,"0.18 %"
"Mixed paper &  card",Nottingham,331077,"Apr 24 - Jun 24",3515.86,"0.56 %"
Paper,Wiltshire,523700,"Apr 24 - Jun 24",3511.42,"0.89 %"
"Other materials",Lancashire,1294914,"Jul 24 - Sep 24",3509.19,"2.21 %"
"Green garden waste only",Ipswich,140274,"Apr 24 - Jun 24",3504.92,"0.24 %"
Rubble,Worcestershire,621360,"Jan 25 - Mar 25",3504.72,"1.06 %"
"Mixed garden and food waste",Rochdale,235561,"Oct 24 - Dec 24",3504.56,"0.40 %"
"Incinerator Bottom Ash",Dorset,389947,"Apr 24 - Jun 24",3497.96,"0.67 %"
"Incinerator Bottom Ash","Bournemouth, Christchurch and Poole",408967,"Oct 24 - Dec 24",3497.51,"0.70 %"
"Green garden waste only",Wokingham,187200,"Jul 24 - Sep 24",3490.7,"0.32 %"
"Green garden waste only","East Sussex",560882,"Jul 24 - Sep 24",3487.6,"0.96 %"
"Incinerator Bottom Ash","Brighton and Hove",283870,"Jan 25 - Mar 25",3487.41,"0.48 %"
Paper,"South Oxfordshire",156470,"Apr 24 - Jun 24",3487.37,"0.27 %"
"Green garden waste only",Elmbridge,141926,"Apr 24 - Jun 24",3477.54,"0.24 %"
Wood,"East Riding of Yorkshire",355884,"Apr 24 - Jun 24",3470.04,"0.61 %"
"Green garden waste only",Cumberland,280495,"Oct 24 - Dec 24",3466.08,"0.48 %"
"Other materials","Greater Manchester",3009664,"Jan 25 - Mar 25",3458.61,"5.13 %"
"Green garden waste only","Tonbridge and Malling",136853,"Apr 24 - Jun 24",3457.6,"0.23 %"
"Green garden waste only",Lichfield,111932,"Apr 24 - Jun 24",3457.33,"0.19 %"
"Mixed garden and food waste","Epping Forest",137451,"Oct 24 - Dec 24",3455.9,"0.23 %"
"Incinerator Bottom Ash","North Tyneside",215025,"Apr 24 - Jun 24",3455.75,"0.37 %"
"Metals from Incinerator Bottom Ash",Birmingham,1183618,"Apr 24 - Jun 24",3449.71,"2.02 %"
"Incinerator Bottom Ash",Wolverhampton,281251,"Jul 24 - Sep 24",3445.49,"0.48 %"
"Incinerator Bottom Ash",Bristol,NULL,"Jul 24 - Sep 24",3445.09,NULL
Wood,Cumberland,280495,"Apr 24 - Jun 24",3442.85,"0.48 %"
"Green garden waste only",Wychavon,138017,"Apr 24 - Jun 24",3441.22,"0.24 %"
"Green garden waste only",Breckland,146620,"Apr 24 - Jun 24",3440.93,"0.25 %"
"Green garden waste only","Kings Lynn and West Norfolk",NULL,"Jul 24 - Sep 24",3437.05,NULL
"Green garden waste only",Dacorum,161420,"Apr 24 - Jun 24",3436.94,"0.28 %"
Wood,Durham,NULL,"Jul 24 - Sep 24",3430.79,NULL
"Green garden waste only",Plymouth,272067,"Jul 24 - Sep 24",3428.94,"0.46 %"
"Mixed glass",Durham,NULL,"Jan 25 - Mar 25",3427.61,NULL
Rubble,"East Riding of Yorkshire",355884,"Jul 24 - Sep 24",3427.28,"0.61 %"
"Green garden waste only","South Kesteven",147151,"Jul 24 - Sep 24",3425.27,"0.25 %"
"Green garden waste only",Staffordshire,907153,"Jul 24 - Sep 24",3424.82,"1.55 %"
"Green garden waste only","Isle of Wight",141660,"Apr 24 - Jun 24",3420.99,"0.24 %"
"Chipboard and mdf",Nottinghamshire,857013,"Apr 24 - Jun 24",3416.98,"1.46 %"
"Incinerator Bottom Ash",Wigan,344922,"Oct 24 - Dec 24",3414.53,"0.59 %"
"Green garden waste only",Staffordshire,907153,"Apr 24 - Jun 24",3414.15,"1.55 %"
"Mixed paper &  card","Reigate and Banstead",159134,"Oct 24 - Dec 24",3414,"0.27 %"
"Green garden waste only",Solihull,221242,"Oct 24 - Dec 24",3413.28,"0.38 %"
"Incinerator Bottom Ash","Cheshire West and Chester",371652,"Jul 24 - Sep 24",3412.87,"0.63 %"
"Incinerator Bottom Ash",Wiltshire,523700,"Apr 24 - Jun 24",3412.17,"0.89 %"
"Mixed glass",Wiltshire,523700,"Oct 24 - Dec 24",3409.2,"0.89 %"
"Incinerator Bottom Ash",Wigan,344922,"Apr 24 - Jun 24",3407.42,"0.59 %"
"Mixed paper &  card",Manchester,589670,"Oct 24 - Dec 24",3395.18,"1.01 %"
"Incinerator Bottom Ash","West Northamptonshire",439811,"Apr 24 - Jun 24",3391.08,"0.75 %"
Paper,Wiltshire,523700,"Jul 24 - Sep 24",3388.81,"0.89 %"
"Mixed paper &  card",Hackney,266758,"Apr 24 - Jun 24",3387.1,"0.46 %"
"Mixed glass",Dorset,389947,"Jul 24 - Sep 24",3385.91,"0.67 %"
Paper,"Vale of White Horse",149347,"Jul 24 - Sep 24",3377.97,"0.25 %"
"Metals from Incinerator Bottom Ash",Birmingham,1183618,"Oct 24 - Dec 24",3377.52,"2.02 %"
"Green garden waste only",Kent,1639029,"Oct 24 - Dec 24",3375.09,"2.80 %"
"Incinerator Bottom Ash","Cheshire West and Chester",371652,"Oct 24 - Dec 24",3374.96,"0.63 %"
"Mixed paper &  card",Dacorum,161420,"Oct 24 - Dec 24",3372.94,"0.28 %"
"Other materials",Lancashire,1294914,"Jan 25 - Mar 25",3372.81,"2.21 %"
"Mixed paper &  card",Nottingham,331077,"Oct 24 - Dec 24",3369.91,"0.56 %"
"Green garden waste only",Sunderland,288606,"Jul 24 - Sep 24",3364.18,"0.49 %"
"Incinerator Bottom Ash",Lewisham,301255,"Jul 24 - Sep 24",3362.31,"0.51 %"
"Incinerator Bottom Ash",Lewisham,301255,"Oct 24 - Dec 24",3358.76,"0.51 %"
"Green garden waste only","South Gloucestershire",306332,"Oct 24 - Dec 24",3356.88,"0.52 %"
"Green garden waste only",Bradford,563605,"Oct 24 - Dec 24",3355,"0.96 %"
"Green garden waste only",Gateshead,202760,"Apr 24 - Jun 24",3352.38,"0.35 %"
Wood,Nottinghamshire,857013,"Jul 24 - Sep 24",3351.52,"1.46 %"
"Green garden waste only","East Staffordshire",129659,"Jul 24 - Sep 24",3349.48,"0.22 %"
"Other materials",Hampshire,1447214,"Oct 24 - Dec 24",3333.79,"2.47 %"
"Green garden waste only",Nottinghamshire,857013,"Oct 24 - Dec 24",3333.42,"1.46 %"
Card,Leeds,845189,"Jul 24 - Sep 24",3332.61,"1.44 %"
"Mixed paper &  card",Manchester,589670,"Jul 24 - Sep 24",3332.16,"1.01 %"
"Incinerator Bottom Ash","Cheshire West and Chester",371652,"Apr 24 - Jun 24",3330.73,"0.63 %"
Rubble,Lincolnshire,789502,"Apr 24 - Jun 24",3328.52,"1.35 %"
"Other compostable waste",Cumberland,280495,"Apr 24 - Jun 24",3323.3,"0.48 %"
"Green garden waste only",Bexley,256434,"Jul 24 - Sep 24",3321.52,"0.44 %"
"Other compostable waste",Merseyside,1475541,"Apr 24 - Jun 24",3319.09,"2.52 %"
"Incinerator Bottom Ash",Warrington,215391,"Oct 24 - Dec 24",3313.24,"0.37 %"
"Mixed paper &  card","Reigate and Banstead",159134,"Jan 25 - Mar 25",3311,"0.27 %"
"Green garden waste only",Charnwood,188385,"Jul 24 - Sep 24",3307.84,"0.32 %"
"Green garden waste only",Dudley,331930,"Oct 24 - Dec 24",3305.23,"0.57 %"
"Incinerator Bottom Ash",Dorset,389947,"Oct 24 - Dec 24",3302.98,"0.67 %"
"Mixed glass",Dorset,389947,"Oct 24 - Dec 24",3300.88,"0.67 %"
Rubble,"Kingston upon Hull",NULL,"Jul 24 - Sep 24",3299.1,NULL
"Other compostable waste","Milton Keynes",305884,"Apr 24 - Jun 24",3295.78,"0.52 %"
"Green garden waste only",Huntingdonshire,190619,"Jan 25 - Mar 25",3293.04,"0.33 %"
"Mixed paper &  card",Tameside,239643,"Oct 24 - Dec 24",3287.12,"0.41 %"
Paper,Haringey,263850,"Jul 24 - Sep 24",3286.72,"0.45 %"
Card,Dorset,389947,"Oct 24 - Dec 24",3285.05,"0.67 %"
"Mixed glass",Dorset,389947,"Jan 25 - Mar 25",3283.34,"0.67 %"
"Green garden waste only","Central Bedfordshire",315877,"Oct 24 - Dec 24",3281.59,"0.54 %"
"Incinerator Bottom Ash",Dudley,331930,"Apr 24 - Jun 24",3272.01,"0.57 %"
Soil,"West Sussex",915037,"Jan 25 - Mar 25",3267.12,"1.56 %"
"Mixed paper &  card",Tameside,239643,"Jul 24 - Sep 24",3261.56,"0.41 %"
"Green garden waste only","North Norfolk",103217,"Jul 24 - Sep 24",3261.25,"0.18 %"
"Green garden waste only","Vale of White Horse",149347,"Jul 24 - Sep 24",3260.98,"0.25 %"
"Mixed garden and food waste",Medway,292655,"Jan 25 - Mar 25",3260.86,"0.50 %"
"Mixed paper &  card",Birmingham,1183618,"Apr 24 - Jun 24",3260.76,"2.02 %"
"Incinerator Bottom Ash","Brighton and Hove",283870,"Apr 24 - Jun 24",3259.11,"0.48 %"
"Incinerator Bottom Ash",Lancashire,1294914,"Oct 24 - Dec 24",3255.41,"2.21 %"
"Incinerator Bottom Ash","Cheshire West and Chester",371652,"Jan 25 - Mar 25",3254.84,"0.63 %"
"Waste food only",Buckinghamshire,578772,"Jul 24 - Sep 24",3251.6,"0.99 %"
"Green garden waste only",Cotswold,91661,"Apr 24 - Jun 24",3251.36,"0.16 %"
"Green garden waste only","Newcastle upon Tyne",320605,"Jul 24 - Sep 24",3251.16,"0.55 %"
"Other compostable waste","Milton Keynes",305884,"Oct 24 - Dec 24",3247.02,"0.52 %"
"Green garden waste only",Sandwell,353860,"Jul 24 - Sep 24",3245.76,"0.60 %"
Rubble,Hertfordshire,1236191,"Apr 24 - Jun 24",3243.86,"2.11 %"
"Incinerator Bottom Ash",Bexley,256434,"Jan 25 - Mar 25",3240.31,"0.44 %"
"Mixed glass",Durham,NULL,"Oct 24 - Dec 24",3235.72,NULL
"Mixed paper &  card",Dacorum,161420,"Jan 25 - Mar 25",3235.68,"0.28 %"
"Mixed paper &  card",Bradford,563605,"Apr 24 - Jun 24",3235,"0.96 %"
"Mixed glass",Dorset,389947,"Apr 24 - Jun 24",3234,"0.67 %"
"Incinerator Bottom Ash",Sandwell,353860,"Apr 24 - Jun 24",3233.88,"0.60 %"
Rubble,Hertfordshire,1236191,"Jul 24 - Sep 24",3233.87,"2.11 %"
"Green garden waste only","North East Lincolnshire",159911,"Jul 24 - Sep 24",3233.12,"0.27 %"
"Mixed paper &  card",Camden,216943,"Apr 24 - Jun 24",3232.4,"0.37 %"
"Incinerator Bottom Ash",Dorset,389947,"Jul 24 - Sep 24",3231.26,"0.67 %"
"Green garden waste only",Guildford,151359,"Jul 24 - Sep 24",3229.34,"0.26 %"
"Waste food only",Cornwall,583289,"Oct 24 - Dec 24",3212.7,"1.00 %"
"Mixed garden and food waste",Oldham,251560,"Jan 25 - Mar 25",3207.86,"0.43 %"
"Green garden waste only","Redcar and Cleveland",139228,"Jul 24 - Sep 24",3206.32,"0.24 %"
"Green garden waste only",Hertfordshire,1236191,"Apr 24 - Jun 24",3195.94,"2.11 %"
"Green garden waste only",Wakefield,367666,"Oct 24 - Dec 24",3192.32,"0.63 %"
"Green garden waste only",Rother,96133,"Apr 24 - Jun 24",3187.98,"0.16 %"
Card,Bristol,NULL,"Jul 24 - Sep 24",3185.42,NULL
"Mixed paper &  card","Cheshire West and Chester",371652,"Apr 24 - Jun 24",3184.26,"0.63 %"
"Mixed paper &  card","Reigate and Banstead",159134,"Jul 24 - Sep 24",3184,"0.27 %"
"Green garden waste only",Maidstone,187767,"Jul 24 - Sep 24",3183.36,"0.32 %"
"Incinerator Bottom Ash","West Northamptonshire",439811,"Jan 25 - Mar 25",3182.72,"0.75 %"
Rubble,Wiltshire,523700,"Jul 24 - Sep 24",3182.24,"0.89 %"
"Green garden waste only",Swindon,243875,"Apr 24 - Jun 24",3181.26,"0.42 %"
"Incinerator Bottom Ash",Lewisham,301255,"Jan 25 - Mar 25",3180.2,"0.51 %"
Card,Leeds,845189,"Apr 24 - Jun 24",3179.11,"1.44 %"
"Incinerator Bottom Ash",Dorset,389947,"Jan 25 - Mar 25",3177.58,"0.67 %"
"Mixed paper &  card",Tameside,239643,"Apr 24 - Jun 24",3176.6,"0.41 %"
Paper,Haringey,263850,"Jan 25 - Mar 25",3175.22,"0.45 %"
"Mixed paper &  card","Cheshire West and Chester",371652,"Oct 24 - Dec 24",3174.64,"0.63 %"
"Incinerator Bottom Ash","Bournemouth, Christchurch and Poole",408967,"Jan 25 - Mar 25",3174.32,"0.70 %"
"Green garden waste only","Tonbridge and Malling",136853,"Jul 24 - Sep 24",3172.93,"0.23 %"
Wood,"Bath and North East Somerset",200028,"Jul 24 - Sep 24",3170.13,"0.34 %"
"Mixed paper &  card",Birmingham,1183618,"Jul 24 - Sep 24",3166.15,"2.02 %"
"Incinerator Bottom Ash",York,209301,"Oct 24 - Dec 24",3164.92,"0.36 %"
Wood,"North Somerset",224578,"Apr 24 - Jun 24",3163.39,"0.38 %"
"Mixed paper &  card",Bury,198921,"Apr 24 - Jun 24",3160.52,"0.34 %"
"Incinerator Bottom Ash",York,209301,"Jan 25 - Mar 25",3157.74,"0.36 %"
"Green garden waste only",Braintree,164304,"Jul 24 - Sep 24",3155.94,"0.28 %"
"Incinerator Bottom Ash","Stoke on Trent",270425,"Apr 24 - Jun 24",3153.24,"0.46 %"
"Incinerator Bottom Ash","Brighton and Hove",283870,"Oct 24 - Dec 24",3149.82,"0.48 %"
"Green garden waste only","Redcar and Cleveland",139228,"Apr 24 - Jun 24",3147.86,"0.24 %"
"Green garden waste only","Newcastle upon Tyne",320605,"Apr 24 - Jun 24",3147.44,"0.55 %"
"Incinerator Bottom Ash",Doncaster,319765,"Jan 25 - Mar 25",3143.58,"0.55 %"
"Green garden waste only",Nottingham,331077,"Jul 24 - Sep 24",3139.33,"0.56 %"
"Incinerator Bottom Ash",Greenwich,299528,"Apr 24 - Jun 24",3137.09,"0.51 %"
"Green garden waste only",Sutton,214525,"Apr 24 - Jun 24",3135.36,"0.37 %"
Wood,Wigan,344922,"Jan 25 - Mar 25",3134.11,"0.59 %"
"Green garden waste only",Merseyside,1475541,"Oct 24 - Dec 24",3132.35,"2.52 %"
Soil,"West Sussex",915037,"Oct 24 - Dec 24",3131.48,"1.56 %"
"Green garden waste only",Canterbury,162100,"Apr 24 - Jun 24",3128.26,"0.28 %"
"Mixed garden and food waste","North East Derbyshire",106646,"Apr 24 - Jun 24",3126.09,"0.18 %"
"Incinerator Bottom Ash","North Northamptonshire",373871,"Oct 24 - Dec 24",3124.77,"0.64 %"
"Incinerator Bottom Ash",Lancashire,1294914,"Jul 24 - Sep 24",3123.99,"2.21 %"
"Mixed paper &  card",Bristol,NULL,"Jan 25 - Mar 25",3123.65,NULL
"Incinerator Bottom Ash","Stoke on Trent",270425,"Jan 25 - Mar 25",3122.63,"0.46 %"
"Green garden waste only",Huntingdonshire,190619,"Oct 24 - Dec 24",3110.18,"0.33 %"
"Mixed glass",Cornwall,583289,"Jan 25 - Mar 25",3109.97,"1.00 %"
"Mixed glass",Cornwall,583289,"Jul 24 - Sep 24",3105.61,"1.00 %"
"Other materials",Wakefield,367666,"Jan 25 - Mar 25",3104.73,"0.63 %"
"Green garden waste only","Mid Suffolk and Babergh",NULL,"Oct 24 - Dec 24",3103.74,NULL
"Mixed paper &  card",Bury,198921,"Jul 24 - Sep 24",3099.96,"0.34 %"
"Mixed glass",Manchester,589670,"Apr 24 - Jun 24",3098.52,"1.01 %"
Paper,Wiltshire,523700,"Oct 24 - Dec 24",3097.22,"0.89 %"
"Incinerator Bottom Ash",Walsall,295678,"Jan 25 - Mar 25",3096.22,"0.50 %"
"Incinerator Bottom Ash",Wakefield,367666,"Oct 24 - Dec 24",3095.41,"0.63 %"
"Mixed garden and food waste","East Cambridgeshire",92906,"Jul 24 - Sep 24",3094.4,"0.16 %"
Wood,Cumberland,280495,"Jul 24 - Sep 24",3093.5,"0.48 %"
"Green garden waste only",Norfolk,940359,"Oct 24 - Dec 24",3093.18,"1.60 %"
"Mixed garden and food waste",Rochford,89815,"Jul 24 - Sep 24",3093.02,"0.15 %"
"Green garden waste only","North West Leicestershire",111881,"Jul 24 - Sep 24",3088.66,"0.19 %"
"Green garden waste only",Nottinghamshire,857013,"Jan 25 - Mar 25",3087.36,"1.46 %"
"Green garden waste only",Suffolk,786231,"Apr 24 - Jun 24",3086.81,"1.34 %"
Wood,Southampton,259424,"Apr 24 - Jun 24",3086.17,"0.44 %"
Wood,Cumberland,280495,"Jan 25 - Mar 25",3082.24,"0.48 %"
"Green garden waste only","Stratford on Avon",146258,"Oct 24 - Dec 24",3082.03,"0.25 %"
Rubble,Nottinghamshire,857013,"Jan 25 - Mar 25",3077.04,"1.46 %"
"Mixed paper &  card",Bromley,335319,"Oct 24 - Dec 24",3076.9,"0.57 %"
"Mixed garden and food waste",Rochdale,235561,"Jan 25 - Mar 25",3076.7,"0.40 %"
"Incinerator Bottom Ash",Lancashire,1294914,"Jan 25 - Mar 25",3068.26,"2.21 %"
"Other compostable waste","Milton Keynes",305884,"Jul 24 - Sep 24",3065.16,"0.52 %"
"Green garden waste only","North Somerset",224578,"Oct 24 - Dec 24",3064.14,"0.38 %"
"Green garden waste only",Harrow,270724,"Apr 24 - Jun 24",3063.82,"0.46 %"
"Mixed glass","West Northamptonshire",439811,"Apr 24 - Jun 24",3063.61,"0.75 %"
"Green garden waste only",Warwick,154889,"Jul 24 - Sep 24",3062.1,"0.26 %"
Wood,"East Riding of Yorkshire",355884,"Jul 24 - Sep 24",3061.49,"0.61 %"
"Mixed paper &  card","East Riding of Yorkshire",355884,"Jan 25 - Mar 25",3060.67,"0.61 %"
"Other Scrap metal",Hampshire,1447214,"Oct 24 - Dec 24",3051.21,"2.47 %"
"Green garden waste only",Peterborough,223655,"Apr 24 - Jun 24",3050.68,"0.38 %"
"Green garden waste only",Erewash,114253,"Apr 24 - Jun 24",3049,"0.19 %"
"Green garden waste only",Northumberland,331420,"Oct 24 - Dec 24",3048.4,"0.57 %"
Card,Bristol,NULL,"Apr 24 - Jun 24",3047.32,NULL
"Incinerator Bottom Ash",Walsall,295678,"Jul 24 - Sep 24",3045.66,"0.50 %"
"Incinerator Bottom Ash","West Northamptonshire",439811,"Jul 24 - Sep 24",3045.57,"0.75 %"
"Green garden waste only","East Hertfordshire",156875,"Jul 24 - Sep 24",3044.9,"0.27 %"
"Green garden waste only","Reigate and Banstead",159134,"Jul 24 - Sep 24",3044,"0.27 %"
"Green garden waste only",Redbridge,321231,"Apr 24 - Jun 24",3044,"0.55 %"
"Mixed paper &  card","Reigate and Banstead",159134,"Apr 24 - Jun 24",3039,"0.27 %"
"Incinerator Bottom Ash","Stockton on Tees",206800,"Apr 24 - Jun 24",3036.05,"0.35 %"
"Mixed paper &  card","North Yorkshire",635270,"Apr 24 - Jun 24",3035.01,"1.08 %"
"Incinerator Bottom Ash","Tower Hamlets",331886,"Apr 24 - Jun 24",3032.43,"0.57 %"
"Green garden waste only",Havering,276274,"Jul 24 - Sep 24",3030.77,"0.47 %"
"Mixed garden and food waste","Kingston upon Hull",NULL,"Oct 24 - Dec 24",3027.18,NULL
"Incinerator Bottom Ash",Walsall,295678,"Oct 24 - Dec 24",3026.43,"0.50 %"
"Mixed paper &  card","Cheshire West and Chester",371652,"Jul 24 - Sep 24",3023.14,"0.63 %"
"Green garden waste only",Colchester,200222,"Apr 24 - Jun 24",3020,"0.34 %"
"Green garden waste only","Telford and Wrekin",195952,"Oct 24 - Dec 24",3019.41,"0.33 %"
"Green garden waste only",Teignbridge,138548,"Apr 24 - Jun 24",3018.03,"0.24 %"
"Mixed glass",Oldham,251560,"Jan 25 - Mar 25",3016.15,"0.43 %"
"Incinerator Bottom Ash",Wakefield,367666,"Apr 24 - Jun 24",3014.97,"0.63 %"
"Incinerator Bottom Ash",Wakefield,367666,"Jan 25 - Mar 25",3014.08,"0.63 %"
"Metals from Incinerator Bottom Ash","North London",NULL,"Jan 25 - Mar 25",3013.4,NULL
"Incinerator Bottom Ash",Merton,218539,"Apr 24 - Jun 24",3012.38,"0.37 %"
Paper,"South Oxfordshire",156470,"Jan 25 - Mar 25",3010.58,"0.27 %"
"Incinerator Bottom Ash",Hartlepool,98180,"Jul 24 - Sep 24",3009.61,"0.17 %"
Wood,Durham,NULL,"Jan 25 - Mar 25",3008.44,NULL
"Other Scrap metal",Merseyside,1475541,"Apr 24 - Jun 24",3007.42,"2.52 %"
"Incinerator Bottom Ash",Doncaster,319765,"Oct 24 - Dec 24",3007.37,"0.55 %"
"Green garden waste only","Mid Sussex",161755,"Apr 24 - Jun 24",3007.2,"0.28 %"
"Mixed paper &  card",Bromley,335319,"Jan 25 - Mar 25",3002.62,"0.57 %"
"Green garden waste only","South Staffordshire",114423,"Jul 24 - Sep 24",3002.57,"0.20 %"
"Incinerator Bottom Ash",Sandwell,353860,"Jul 24 - Sep 24",3001.73,"0.60 %"
"Green garden waste only","West Oxfordshire",120941,"Jul 24 - Sep 24",3000.38,"0.21 %"
"Mixed paper &  card",Manchester,589670,"Apr 24 - Jun 24",2999.06,"1.01 %"
Paper,"Vale of White Horse",149347,"Oct 24 - Dec 24",2989.38,"0.25 %"
"Green garden waste only",Suffolk,786231,"Jul 24 - Sep 24",2986.58,"1.34 %"
"Incinerator Bottom Ash","East Riding of Yorkshire",355884,"Jul 24 - Sep 24",2982.41,"0.61 %"
"Mixed paper &  card",Wandsworth,337655,"Oct 24 - Dec 24",2981.51,"0.58 %"
"Green garden waste only","West Lindsey",99208,"Jul 24 - Sep 24",2978.76,"0.17 %"
Wood,"Bath and North East Somerset",200028,"Jan 25 - Mar 25",2977.73,"0.34 %"
"Green garden waste only","West Berkshire",165112,"Oct 24 - Dec 24",2973.84,"0.28 %"
"Green garden waste only","St Albans",151012,"Jul 24 - Sep 24",2970.54,"0.26 %"
"Green garden waste only",Waverley,134284,"Apr 24 - Jun 24",2967,"0.23 %"
"Incinerator Bottom Ash",Wakefield,367666,"Jul 24 - Sep 24",2961.63,"0.63 %"
"Green garden waste only",Elmbridge,141926,"Oct 24 - Dec 24",2961.1,"0.24 %"
"Green garden waste only","North Hertfordshire",137201,"Jul 24 - Sep 24",2956.71,"0.23 %"
"Green garden waste only","North Lincolnshire",171336,"Oct 24 - Dec 24",2956.35,"0.29 %"
"Chipboard and mdf",Nottinghamshire,857013,"Jul 24 - Sep 24",2952.13,"1.46 %"
"Green garden waste only","Windsor and Maidenhead",158943,"Jul 24 - Sep 24",2952.1,"0.27 %"
"Other Scrap metal",Merseyside,1475541,"Jul 24 - Sep 24",2949.49,"2.52 %"
"Green garden waste only",Plymouth,272067,"Apr 24 - Jun 24",2946.87,"0.46 %"
Rubble,Lincolnshire,789502,"Jul 24 - Sep 24",2944.58,"1.35 %"
"Other materials",Bristol,NULL,"Jul 24 - Sep 24",2940.9,NULL
"Green garden waste only",Elmbridge,141926,"Jul 24 - Sep 24",2940.03,"0.24 %"
Rubble,Essex,1563365,"Oct 24 - Dec 24",2935.09,"2.67 %"
"Incinerator Bottom Ash","Tower Hamlets",331886,"Jul 24 - Sep 24",2933.89,"0.57 %"
Rubble,Nottinghamshire,857013,"Oct 24 - Dec 24",2933.53,"1.46 %"
"Other materials",Hampshire,1447214,"Apr 24 - Jun 24",2931.82,"2.47 %"
"Mixed paper &  card","St Albans",151012,"Jul 24 - Sep 24",2930.47,"0.26 %"
"Incinerator Bottom Ash",Sutton,214525,"Apr 24 - Jun 24",2923.92,"0.37 %"
"Mixed garden and food waste",Tameside,239643,"Jan 25 - Mar 25",2923.74,"0.41 %"
"Incinerator Bottom Ash",Merton,218539,"Jul 24 - Sep 24",2922.98,"0.37 %"
"Mixed garden and food waste","Waltham Forest",279737,"Apr 24 - Jun 24",2922,"0.48 %"
"Green garden waste only",Enfield,327434,"Apr 24 - Jun 24",2920.28,"0.56 %"
"Green garden waste only","Isle of Wight",141660,"Jul 24 - Sep 24",2920.1,"0.24 %"
"Incinerator Bottom Ash",Doncaster,319765,"Jul 24 - Sep 24",2919.28,"0.55 %"
"Green garden waste only",Harrow,270724,"Jul 24 - Sep 24",2919.13,"0.46 %"
"Mixed glass",Cornwall,583289,"Oct 24 - Dec 24",2918.66,"1.00 %"
"Green garden waste only",Hertfordshire,1236191,"Jul 24 - Sep 24",2916.27,"2.11 %"
"Incinerator Bottom Ash",Medway,292655,"Apr 24 - Jun 24",2911.12,"0.50 %"
"Other compostable waste",Cumberland,280495,"Jul 24 - Sep 24",2910.62,"0.48 %"
"Green garden waste only",Liverpool,508961,"Jul 24 - Sep 24",2907,"0.87 %"
"Mixed garden and food waste",Rugby,122378,"Apr 24 - Jun 24",2906.84,"0.21 %"
"Incinerator Bottom Ash",Bexley,256434,"Jul 24 - Sep 24",2905.38,"0.44 %"
"Incinerator Bottom Ash",Herefordshire,NULL,"Apr 24 - Jun 24",2903.33,NULL
